Game 1;Game 1;Game 1;Game 2;Game 2;Game 2;Game 3;Game 3;Game 3;Game 4;Game 4;Game 4;Game 5;Game 5;Game 5;Game 6;Game 6;Game 6;Game 7;Game 7;Game 7;Game 8;Game 8;Game 8;Game 9;Game 9;Game 9;Game 10;Game 10;Game 10;Game 11;Game 11;Game 11;Game 12;Game 12;Game 12;
Round;mean(Left);mean(Up);Round;mean(Left);mean(Up);Round;mean(Left);mean(Up);Round;mean(Left);mean(Up);Round;mean(Left);mean(Up);Round;mean(Left);mean(Up);Round;mean(Left);mean(Up);Round;mean(Left);mean(Up);Round;mean(Left);mean(Up);Round;mean(Left);mean(Up);Round;mean(Left);mean(Up);Round;mean(Left);mean(Up);
1;.6458333;.2916667;1;.375;.3125;1;.5625;.2291667;1;.7708333;.1875;1;.6041667;.2083333;1;.625;.4166667;1;.7083333;.5;1;.5833333;.625;1;.5833333;.125;1;.75;.4583333;1;.6666667;.4166667;1;.625;.5;
2;.5416667;.2291667;2;.4791667;.25;2;.5416667;.125;2;.6041667;.1875;2;.6875;.2291667;2;.5;.3958333;2;.4166667;.4583333;2;.4166667;.25;2;.75;.1666667;2;.5416667;.375;2;.625;.5833333;2;.5833333;.5;
3;.5208333;.0833333;3;.5;.2083333;3;.7708333;.1458333;3;.625;.2291667;3;.7291667;.3125;3;.6041667;.375;3;.4583333;.4583333;3;.25;.4166667;3;.7916667;.2083333;3;.625;.4583333;3;.2916667;.375;3;.5833333;.5;
4;.5625;.1666667;4;.3958333;.3333333;4;.6458333;.1666667;4;.7708333;.2708333;4;.6458333;.4375;4;.7083333;.4375;4;.5;.25;4;.4583333;.2916667;4;.8333333;.25;4;.625;.1666667;4;.5416667;.375;4;.5416667;.25;
5;.5208333;.1458333;5;.5;.3125;5;.7291667;.1666667;5;.6666667;.3333333;5;.6458333;.3125;5;.5833333;.375;5;.7083333;.2083333;5;.5416667;.3333333;5;.875;.3333333;5;.7916667;.3333333;5;.4166667;.2083333;5;.625;.4583333;
6;.5833333;.1666667;6;.5625;.3541667;6;.6666667;.1041667;6;.7291667;.25;6;.625;.375;6;.6458333;.3541667;6;.5;.2916667;6;.4583333;.2916667;6;.7916667;.4583333;6;.7083333;.25;6;.3333333;.2916667;6;.5;.3333333;
7;.5;.1875;7;.3125;.2708333;7;.6875;.1666667;7;.7291667;.2916667;7;.6041667;.3333333;7;.6875;.375;7;.375;.2083333;7;.4583333;.3333333;7;.7083333;.5;7;.75;.25;7;.5833333;.2083333;7;.625;.5416667;
8;.6041667;.0833333;8;.5833333;.2916667;8;.6875;.1666667;8;.6666667;.1875;8;.6041667;.3958333;8;.5833333;.4583333;8;.5;.2916667;8;.5;.2083333;8;.7083333;.5;8;.75;.4583333;8;.5833333;.25;8;.5;.5416667;
9;.5833333;.125;9;.5;.375;9;.7083333;.125;9;.7708333;.25;9;.6666667;.2708333;9;.5208333;.4375;9;.6666667;.25;9;.4583333;.375;9;.8333333;.4166667;9;.5833333;.3333333;9;.625;.25;9;.4166667;.4166667;
10;.6666667;.0833333;10;.4166667;.3125;10;.7083333;.2083333;10;.6666667;.2916667;10;.5833333;.3125;10;.6041667;.375;10;.4166667;.375;10;.4166667;.3333333;10;.75;.375;10;.7083333;.3333333;10;.625;.2916667;10;.625;.4166667;
11;.5416667;.0833333;11;.4375;.2708333;11;.8333333;.1875;11;.6458333;.1875;11;.5833333;.1666667;11;.5833333;.375;11;.5;.2916667;11;.375;.25;11;.6666667;.4583333;11;.625;.375;11;.5;.4166667;11;.5;.5;
12;.6458333;.0833333;12;.4791667;.2291667;12;.7291667;.125;12;.6875;.2708333;12;.7083333;.25;12;.75;.375;12;.3333333;.2083333;12;.5;.3333333;12;.625;.25;12;.6666667;.25;12;.5416667;.2916667;12;.5833333;.375;
13;.625;.125;13;.4166667;.2708333;13;.8125;.1875;13;.7083333;.2291667;13;.7083333;.3541667;13;.5625;.5833333;13;.3333333;.0833333;13;.5416667;.2083333;13;.875;.3333333;13;.5833333;.3333333;13;.625;.25;13;.625;.2916667;
14;.6875;.1041667;14;.3333333;.25;14;.7916667;.2916667;14;.6666667;.2708333;14;.6041667;.3333333;14;.5416667;.5208333;14;.4166667;.0833333;14;.6666667;.25;14;.7916667;.2916667;14;.75;.4166667;14;.7916667;.2083333;14;.7083333;.375;
15;.5;.2083333;15;.5208333;.2291667;15;.75;.2083333;15;.75;.2291667;15;.6666667;.3541667;15;.4583333;.4583333;15;.4583333;.3333333;15;.4166667;.3333333;15;.625;.3333333;15;.8333333;.375;15;.6666667;.2916667;15;.5833333;.375;
16;.5416667;.125;16;.3125;.3333333;16;.75;.2708333;16;.7291667;.25;16;.6666667;.375;16;.6875;.3333333;16;.5833333;.2083333;16;.5833333;.2083333;16;.7916667;.25;16;.8333333;.5;16;.625;.3333333;16;.5833333;.4583333;
17;.5416667;.125;17;.375;.2708333;17;.75;.2708333;17;.7916667;.2083333;17;.7291667;.1666667;17;.6666667;.5833333;17;.625;.1666667;17;.5416667;.2916667;17;.75;.1666667;17;.7083333;.4583333;17;.5833333;.375;17;.7083333;.5416667;
18;.5416667;.1666667;18;.4166667;.25;18;.6041667;.2291667;18;.8125;.25;18;.7083333;.3125;18;.5;.5625;18;.4166667;.1666667;18;.625;.2916667;18;.8333333;.0833333;18;.7083333;.4166667;18;.625;.375;18;.625;.375;
19;.6041667;.125;19;.4375;.25;19;.75;.25;19;.6875;.3541667;19;.5625;.3958333;19;.5833333;.4583333;19;.3333333;.0416667;19;.3333333;.2916667;19;.875;.25;19;.75;.375;19;.5416667;.3333333;19;.625;.5;
20;.6458333;.1041667;20;.4791667;.2083333;20;.7708333;.1875;20;.6458333;.2916667;20;.75;.3125;20;.4583333;.5208333;20;.4583333;.1666667;20;.4583333;.2916667;20;.875;.375;20;.5416667;.5;20;.625;.2916667;20;.6666667;.5833333;
21;.6041667;.1041667;21;.5416667;.25;21;.6666667;.1875;21;.6458333;.2708333;21;.7291667;.3958333;21;.5833333;.3541667;21;.5833333;.125;21;.375;.2083333;21;.9166667;.2083333;21;.625;.3333333;21;.625;.2083333;21;.5833333;.5833333;
22;.625;.0833333;22;.5625;.2291667;22;.8333333;.1666667;22;.7083333;.25;22;.625;.2708333;22;.5416667;.375;22;.6666667;.3333333;22;.5416667;.3333333;22;.7916667;.2916667;22;.5416667;.3333333;22;.75;.3333333;22;.5833333;.3333333;
23;.5625;.0833333;23;.5833333;.1458333;23;.7291667;.125;23;.8333333;.1666667;23;.625;.4583333;23;.6041667;.4791667;23;.4583333;.2916667;23;.5833333;.2916667;23;.7916667;.2916667;23;.5833333;.2916667;23;.7083333;.375;23;.625;.625;
24;.625;.0833333;24;.5416667;.3333333;24;.7083333;.2083333;24;.8333333;.3333333;24;.6458333;.375;24;.3958333;.5625;24;.5;.25;24;.5416667;.2916667;24;.75;.1666667;24;.5416667;.1666667;24;.7083333;.4166667;24;.4583333;.4166667;
25;.5625;.0833333;25;.5833333;.1666667;25;.7291667;.1458333;25;.7291667;.2916667;25;.5625;.3333333;25;.5416667;.4166667;25;.5;.2083333;25;.4583333;.25;25;.7916667;.25;25;.6666667;.2083333;25;.6666667;.2916667;25;.5833333;.25;
26;.625;.0625;26;.5208333;.2708333;26;.75;.1666667;26;.7291667;.375;26;.5833333;.3541667;26;.4583333;.4166667;26;.4166667;.2083333;26;.5833333;.375;26;.6666667;.25;26;.75;.25;26;.5416667;.4166667;26;.5;.4583333;
27;.5;.1458333;27;.4375;.25;27;.8125;.1041667;27;.6666667;.2708333;27;.5625;.3125;27;.5208333;.4791667;27;.5;.2083333;27;.4166667;.1666667;27;.875;.2083333;27;.7916667;.2916667;27;.5;.2083333;27;.625;.5;
28;.6041667;.0625;28;.4166667;.3125;28;.75;.1875;28;.7708333;.2708333;28;.6041667;.3333333;28;.5416667;.4375;28;.5;.25;28;.5416667;.3333333;28;.7916667;.25;28;.75;.25;28;.75;.1666667;28;.75;.5;
29;.6458333;.0416667;29;.3541667;.2083333;29;.6875;.0416667;29;.8125;.2291667;29;.6458333;.25;29;.5208333;.2708333;29;.4583333;.1666667;29;.5416667;.25;29;.7083333;.25;29;.75;.375;29;.5;.375;29;.625;.5416667;
30;.7291667;.0625;30;.5;.1875;30;.6875;.0625;30;.75;.25;30;.6458333;.3333333;30;.5208333;.375;30;.5416667;.2916667;30;.7083333;.2916667;30;.7916667;.125;30;.7083333;.2916667;30;.625;.25;30;.5833333;.5416667;
31;.625;.0625;31;.4375;.1458333;31;.7916667;.0625;31;.6666667;.2083333;31;.7291667;.25;31;.5208333;.3958333;31;.4166667;.1666667;31;.625;.25;31;.8333333;.25;31;.7916667;.3333333;31;.7916667;.25;31;.5416667;.5833333;
32;.6041667;.0833333;32;.5625;.2083333;32;.7916667;.2291667;32;.75;.3125;32;.6458333;.2916667;32;.5625;.4583333;32;.4583333;.1666667;32;.75;.3333333;32;.8333333;.2916667;32;.7083333;.4166667;32;.6666667;.2916667;32;.5833333;.5416667;
33;.625;.1041667;33;.4166667;.1666667;33;.75;.25;33;.75;.2291667;33;.6041667;.2083333;33;.6666667;.3958333;33;.625;.0416667;33;.5833333;.3333333;33;.75;.2916667;33;.6666667;.375;33;.7083333;.375;33;.5416667;.4166667;
34;.6458333;.1041667;34;.4791667;.2083333;34;.6875;.1666667;34;.7291667;.2708333;34;.7083333;.3541667;34;.6666667;.3541667;34;.5;.1666667;34;.6666667;.25;34;.7916667;.375;34;.75;.2916667;34;.625;.2916667;34;.5416667;.375;
35;.6041667;.1041667;35;.5833333;.25;35;.7708333;.1458333;35;.7708333;.2291667;35;.7291667;.4375;35;.6666667;.4375;35;.4166667;.25;35;.6666667;.25;35;.9166667;.3333333;35;.625;.375;35;.6666667;.5;35;.625;.4583333;
36;.7291667;.0833333;36;.5625;.1875;36;.7916667;.1458333;36;.7916667;.2708333;36;.6458333;.4166667;36;.5208333;.5625;36;.4583333;.0833333;36;.5416667;.2916667;36;.9166667;.375;36;.5833333;.3333333;36;.5833333;.3333333;36;.7083333;.4583333;
37;.7291667;.125;37;.5833333;.1666667;37;.8541667;.1875;37;.7291667;.2291667;37;.5625;.3125;37;.5833333;.5;37;.5;.0833333;37;.625;.375;37;.75;.375;37;.7916667;.125;37;.625;.1666667;37;.6666667;.375;
38;.75;.0416667;38;.4375;.2083333;38;.8541667;.25;38;.6875;.2708333;38;.6458333;.4166667;38;.5208333;.4166667;38;.5416667;.2083333;38;.4583333;.2916667;38;.7083333;.2916667;38;.7916667;.4166667;38;.8333333;.25;38;.7916667;.4583333;
39;.75;.1041667;39;.5;.1875;39;.75;.1666667;39;.6666667;.3125;39;.6041667;.3125;39;.5625;.4791667;39;.5416667;.25;39;.4583333;.2083333;39;.75;.125;39;.7083333;.4166667;39;.75;.5416667;39;.625;.4583333;
40;.7083333;.0625;40;.375;.2291667;40;.7291667;.1875;40;.625;.25;40;.5208333;.375;40;.5416667;.3958333;40;.4583333;.1666667;40;.6666667;.3333333;40;.6666667;.2083333;40;.7083333;.375;40;.5416667;.4166667;40;.6666667;.375;
41;.6458333;.125;41;.5416667;.1666667;41;.8541667;.2916667;41;.6458333;.2291667;41;.5;.3541667;41;.5833333;.375;41;.4583333;.2916667;41;.5833333;.25;41;.75;.2083333;41;.6666667;.3333333;41;.5416667;.125;41;.5416667;.4583333;
42;.6041667;.125;42;.5208333;.3125;42;.75;.2291667;42;.7916667;.2291667;42;.5;.3333333;42;.6041667;.4791667;42;.4166667;.125;42;.4583333;.2083333;42;.8333333;.2083333;42;.75;.4166667;42;.625;.2916667;42;.5833333;.4166667;
43;.6666667;.0833333;43;.5416667;.1875;43;.7083333;.1875;43;.7916667;.2708333;43;.4791667;.2708333;43;.6666667;.3958333;43;.375;.1666667;43;.5416667;.2916667;43;.7916667;.25;43;.7916667;.4583333;43;.7916667;.25;43;.5833333;.4166667;
44;.6666667;.0833333;44;.5416667;.25;44;.75;.2083333;44;.8541667;.375;44;.75;.25;44;.6041667;.5208333;44;.375;.1666667;44;.4583333;.2083333;44;.8333333;.125;44;.75;.375;44;.75;.2916667;44;.5833333;.5;
45;.7291667;.1041667;45;.5208333;.2291667;45;.7916667;.1875;45;.75;.3333333;45;.6458333;.2291667;45;.5625;.4791667;45;.375;.1666667;45;.5;.1666667;45;.875;.2083333;45;.625;.3333333;45;.75;.25;45;.625;.625;
46;.6666667;.125;46;.5208333;.25;46;.8541667;.1458333;46;.6458333;.3125;46;.625;.3125;46;.5833333;.4791667;46;.4583333;.125;46;.4166667;.2083333;46;.875;.25;46;.6666667;.25;46;.625;.375;46;.5;.5416667;
47;.625;.1458333;47;.625;.1875;47;.8333333;.25;47;.6875;.375;47;.7291667;.3541667;47;.5833333;.4375;47;.5416667;.1666667;47;.5833333;.2083333;47;.8333333;.25;47;.7083333;.375;47;.5416667;.4583333;47;.625;.2916667;
48;.6875;.0625;48;.625;.2083333;48;.875;.2083333;48;.6666667;.3958333;48;.5625;.3125;48;.4791667;.5;48;.5416667;0;48;.625;.25;48;.875;.2916667;48;.8333333;.4166667;48;.6666667;.2916667;48;.4166667;.3333333;
49;.5833333;.0625;49;.5833333;.1666667;49;.8333333;.2916667;49;.6666667;.25;49;.6458333;.2916667;49;.5416667;.3958333;49;.5833333;.0833333;49;.4583333;.1666667;49;.875;.375;49;.7083333;.2916667;49;.7083333;.25;49;.5416667;.4583333;
50;.6458333;.0416667;50;.6458333;.1666667;50;.7291667;.1666667;50;.6666667;.2708333;50;.625;.3125;50;.6666667;.5416667;50;.5416667;.25;50;.6666667;.1666667;50;.6666667;.25;50;.7083333;.4583333;50;.6666667;.25;50;.5416667;.4166667;
51;.7083333;.1041667;51;.6875;.2291667;51;.7291667;.1458333;51;.7916667;.25;51;.7916667;.3541667;51;.5833333;.4166667;51;.5;.2083333;51;.7083333;.2083333;51;.75;.1666667;51;.7916667;.4583333;51;.5833333;.4166667;51;.4583333;.4166667;
52;.6666667;.1041667;52;.5625;.2916667;52;.6875;.125;52;.7708333;.2916667;52;.625;.4166667;52;.6041667;.4166667;52;.5;.1666667;52;.7083333;.2916667;52;.8333333;.2083333;52;.6666667;.4166667;52;.5833333;.4583333;52;.6666667;.4166667;
53;.6458333;.0625;53;.4791667;.2916667;53;.8125;.0833333;53;.8125;.2708333;53;.625;.3958333;53;.6458333;.4166667;53;.6666667;.125;53;.6666667;.2083333;53;.8333333;.2916667;53;.7083333;.5416667;53;.5833333;.2916667;53;.6666667;.4583333;
54;.7083333;.0833333;54;.5208333;.1666667;54;.8333333;.1875;54;.6875;.1875;54;.625;.25;54;.7083333;.4791667;54;.6666667;.1666667;54;.6666667;.2916667;54;.7083333;.3333333;54;.7083333;.4166667;54;.5;.2083333;54;.5;.4166667;
55;.7083333;.0833333;55;.5;.1458333;55;.7916667;.0416667;55;.6666667;.4166667;55;.6041667;.25;55;.625;.4583333;55;.6666667;.1666667;55;.625;.3333333;55;.6666667;.1666667;55;.625;.4166667;55;.5833333;.1666667;55;.5;.4583333;
56;.6666667;.0625;56;.5625;.2083333;56;.875;.125;56;.6458333;.3541667;56;.5208333;.1666667;56;.6041667;.5416667;56;.5833333;.1666667;56;.75;.3333333;56;.9166667;.2083333;56;.75;.4166667;56;.75;.25;56;.5;.5;
57;.6041667;.125;57;.5833333;.1666667;57;.8125;.1041667;57;.75;.2916667;57;.7291667;.2083333;57;.5208333;.4583333;57;.5833333;.125;57;.5416667;.2916667;57;.875;.3333333;57;.75;.4583333;57;.625;.375;57;.7083333;.5833333;
58;.6666667;.0625;58;.5416667;.2083333;58;.8333333;.1666667;58;.7708333;.2083333;58;.7291667;.2291667;58;.7083333;.3541667;58;.5416667;.25;58;.5416667;.25;58;.7916667;.25;58;.7916667;.4583333;58;.75;.3333333;58;.625;.5833333;
59;.7291667;.0625;59;.4583333;.25;59;.8541667;.1458333;59;.7291667;.375;59;.6875;.25;59;.6041667;.4583333;59;.4583333;.0833333;59;.625;.1666667;59;.875;.1666667;59;.7916667;.3333333;59;.75;.25;59;.5833333;.5;
60;.7083333;.0208333;60;.5625;.2291667;60;.8958333;.1458333;60;.7083333;.3541667;60;.6666667;.3125;60;.625;.4166667;60;.5833333;.25;60;.6666667;.2916667;60;.7916667;.0833333;60;.7083333;.4166667;60;.6666667;.4166667;60;.5833333;.4166667;
61;.6875;.0625;61;.5416667;.1666667;61;.7916667;.2291667;61;.6875;.3333333;61;.6875;.3125;61;.7083333;.3958333;61;.5;.0833333;61;.5833333;.2916667;61;.8333333;.0833333;61;.75;.4166667;61;.625;.375;61;.4166667;.3333333;
62;.7708333;.1041667;62;.625;.1458333;62;.7916667;.1875;62;.6666667;.2708333;62;.7708333;.2916667;62;.625;.4791667;62;.5833333;.2083333;62;.5416667;.4583333;62;.9166667;.125;62;.5416667;.2916667;62;.75;.5;62;.5416667;.375;
63;.7291667;.1458333;63;.6041667;.25;63;.75;.1875;63;.625;.2291667;63;.6875;.375;63;.6666667;.4791667;63;.5833333;.1666667;63;.5416667;.2916667;63;.875;.1666667;63;.7083333;.2916667;63;.5;.2916667;63;.625;.375;
64;.6875;.0416667;64;.6041667;.25;64;.7916667;.2083333;64;.6875;.2916667;64;.6666667;.375;64;.7291667;.4375;64;.5416667;.125;64;.5416667;.4166667;64;.7083333;.125;64;.625;.3333333;64;.625;.4583333;64;.5833333;.4166667;
65;.7708333;.125;65;.5;.2291667;65;.7708333;.1875;65;.7083333;.3541667;65;.6458333;.375;65;.6666667;.4375;65;.4166667;.1666667;65;.7083333;.2083333;65;.7916667;.25;65;.75;.25;65;.6666667;.375;65;.7083333;.5416667;
66;.7291667;.0416667;66;.4791667;.125;66;.7916667;.2083333;66;.6666667;.2708333;66;.7083333;.4583333;66;.6041667;.5416667;66;.5;.2083333;66;.75;.2916667;66;.875;.25;66;.75;.5833333;66;.7083333;.2916667;66;.4583333;.375;
67;.7916667;.0833333;67;.5;.2291667;67;.7083333;.1875;67;.7083333;.2083333;67;.6458333;.3333333;67;.5416667;.4166667;67;.4166667;.2083333;67;.5833333;.25;67;.9166667;.25;67;.5833333;.4583333;67;.5;.2916667;67;.625;.2083333;
68;.7291667;.0833333;68;.625;.125;68;.75;.2291667;68;.7708333;.3333333;68;.6666667;.3541667;68;.6875;.5208333;68;.5;.25;68;.625;.2916667;68;.9166667;.2916667;68;.5833333;.4166667;68;.5833333;.3333333;68;.625;.25;
69;.7291667;.0416667;69;.5416667;.3125;69;.7083333;.1666667;69;.7291667;.2708333;69;.6041667;.4375;69;.6666667;.5416667;69;.4166667;.2083333;69;.4583333;.4166667;69;.9166667;.375;69;.6666667;.4583333;69;.7083333;.375;69;.7083333;.4166667;
70;.6458333;.1041667;70;.5208333;.2916667;70;.8125;.1458333;70;.7708333;.2291667;70;.6458333;.4166667;70;.6666667;.5625;70;.5416667;.2083333;70;.5833333;.4166667;70;.7916667;.25;70;.6666667;.4166667;70;.7916667;.2916667;70;.6666667;.5833333;
71;.7291667;.1041667;71;.5208333;.25;71;.7291667;.1041667;71;.6875;.25;71;.6041667;.3125;71;.5;.5416667;71;.4583333;.125;71;.5;.25;71;.875;.2083333;71;.7916667;.125;71;.7083333;.2083333;71;.625;.5;
72;.6458333;.0208333;72;.5208333;.2916667;72;.6875;.1458333;72;.625;.2291667;72;.7708333;.3333333;72;.5416667;.5;72;.4166667;.1666667;72;.5416667;.3333333;72;.875;.2083333;72;.8333333;.1666667;72;.7083333;.25;72;.5;.625;
73;.7291667;.0625;73;.4375;.2708333;73;.7708333;.1041667;73;.7083333;.25;73;.5208333;.3125;73;.6458333;.5625;73;.5416667;.2083333;73;.375;.4583333;73;.75;.2083333;73;.625;.4583333;73;.75;.4166667;73;.5416667;.4166667;
74;.7083333;.1041667;74;.4166667;.2708333;74;.7708333;.125;74;.7708333;.1875;74;.7083333;.25;74;.5833333;.5208333;74;.4166667;.25;74;.375;.2083333;74;.9166667;.2083333;74;.7916667;.25;74;.5833333;.3333333;74;.5416667;.25;
75;.7708333;.0625;75;.5625;.2291667;75;.75;.2083333;75;.8333333;.3958333;75;.6458333;.2916667;75;.5208333;.5416667;75;.4166667;.0833333;75;.5833333;.2083333;75;.7916667;.375;75;.7083333;.4583333;75;.4166667;.25;75;.7916667;.375;
76;.7083333;.0833333;76;.6041667;.2916667;76;.8958333;.125;76;.8333333;.25;76;.6875;.2916667;76;.625;.4166667;76;.4166667;.1666667;76;.5833333;.125;76;.9583333;.3333333;76;.7083333;.5;76;.625;.2916667;76;.5833333;.2916667;
77;.7083333;.1041667;77;.5208333;.2083333;77;.8541667;.1458333;77;.7708333;.2708333;77;.6458333;.25;77;.625;.5;77;.375;.1666667;77;.5833333;.125;77;.8333333;.2083333;77;.75;.4166667;77;.6666667;.1666667;77;.625;.4583333;
78;.7083333;.0833333;78;.5625;.2083333;78;.875;.125;78;.5833333;.3541667;78;.8125;.2916667;78;.5625;.5625;78;.4583333;.125;78;.5833333;.25;78;.75;.3333333;78;.625;.3333333;78;.6666667;.4166667;78;.5;.3333333;
79;.7291667;.0833333;79;.5625;.2708333;79;.8333333;.125;79;.7291667;.2291667;79;.625;.2916667;79;.5208333;.5625;79;.5;.125;79;.5;.2083333;79;.875;.2916667;79;.625;.4166667;79;.625;.2916667;79;.5833333;.4166667;
80;.75;0;80;.4583333;.25;80;.8541667;.1458333;80;.875;.1666667;80;.6666667;.3125;80;.5625;.4583333;80;.5833333;.0833333;80;.625;.125;80;.7083333;.2083333;80;.7916667;.2916667;80;.5416667;.2916667;80;.6666667;.4166667;
81;.7708333;.0833333;81;.4791667;.1458333;81;.7916667;.1458333;81;.8541667;.3125;81;.75;.25;81;.5416667;.5;81;.5;.1666667;81;.6666667;.1666667;81;.625;.1666667;81;.6666667;.5;81;.6666667;.375;81;.7083333;.5;
82;.7083333;.125;82;.5;.25;82;.7916667;.25;82;.8125;.3125;82;.7083333;.2708333;82;.4791667;.4375;82;.5;.0833333;82;.5416667;.125;82;.75;.2916667;82;.5833333;.5416667;82;.6666667;.2916667;82;.5833333;.3333333;
83;.625;.0625;83;.6041667;.2708333;83;.8333333;.2291667;83;.6875;.2916667;83;.75;.4583333;83;.5;.4791667;83;.5416667;.2083333;83;.625;.125;83;.875;.2916667;83;.75;.375;83;.6666667;.25;83;.4583333;.375;
84;.6666667;.1041667;84;.5416667;.2083333;84;.7708333;.2291667;84;.7708333;.4166667;84;.6875;.375;84;.6458333;.4791667;84;.4583333;.0833333;84;.6666667;.2083333;84;.8333333;.25;84;.75;.375;84;.7083333;.3333333;84;.625;.4583333;
85;.75;.0833333;85;.6666667;.2291667;85;.7291667;.2291667;85;.7291667;.25;85;.7083333;.375;85;.4375;.3541667;85;.625;.0833333;85;.6666667;.2083333;85;.875;.2083333;85;.625;.4583333;85;.5833333;.2916667;85;.625;.3333333;
86;.75;.0833333;86;.5;.1458333;86;.7708333;.1458333;86;.6458333;.1875;86;.7083333;.3125;86;.6458333;.3958333;86;.4166667;.1666667;86;.5;.1666667;86;.9583333;.2916667;86;.75;.3333333;86;.75;.2083333;86;.5416667;.3333333;
87;.6875;.0208333;87;.5416667;.125;87;.7291667;.1875;87;.75;.2916667;87;.6875;.4166667;87;.625;.3958333;87;.5833333;.0833333;87;.5833333;.125;87;.8333333;.2083333;87;.75;.5;87;.75;.4583333;87;.5;.2083333;
88;.6875;.0833333;88;.5833333;.2291667;88;.7291667;.1666667;88;.7291667;.3125;88;.7083333;.3333333;88;.625;.4375;88;.5833333;.1666667;88;.5;.2083333;88;.9166667;.4166667;88;.7083333;.4583333;88;.7916667;.5;88;.5416667;.5;
89;.6666667;.0833333;89;.5416667;.3125;89;.8333333;.1041667;89;.7916667;.3541667;89;.625;.375;89;.5833333;.3958333;89;.5833333;.1666667;89;.5416667;.0833333;89;.8333333;.375;89;.8333333;.3333333;89;.7916667;.375;89;.6666667;.4166667;
90;.7083333;.0208333;90;.5833333;.2916667;90;.7708333;.125;90;.7291667;.375;90;.7291667;.375;90;.4791667;.3541667;90;.5833333;.1666667;90;.5833333;.25;90;.8333333;.2916667;90;.7083333;.375;90;.7916667;.2083333;90;.75;.4583333;
91;.7291667;.1041667;91;.5625;.2083333;91;.7708333;.1875;91;.7083333;.3125;91;.75;.3333333;91;.6458333;.4583333;91;.5;.0416667;91;.5;.25;91;.75;.2083333;91;.7916667;.375;91;.875;.2916667;91;.5833333;.4583333;
92;.6875;.125;92;.4791667;.2083333;92;.7916667;.2083333;92;.7708333;.2916667;92;.6458333;.4166667;92;.6458333;.4375;92;.4583333;.0833333;92;.5416667;.25;92;.9583333;.25;92;.75;.1666667;92;.6666667;.4583333;92;.7083333;.4583333;
93;.7291667;.0416667;93;.4583333;.1458333;93;.8125;.125;93;.7083333;.1458333;93;.6666667;.375;93;.7291667;.4791667;93;.5;.1666667;93;.5416667;.0833333;93;.9166667;.2916667;93;.75;.4166667;93;.5416667;.2916667;93;.6666667;.625;
94;.75;.0625;94;.625;.25;94;.8541667;.1458333;94;.75;.3333333;94;.7083333;.3958333;94;.6458333;.375;94;.4583333;.0833333;94;.5416667;.2916667;94;.875;.2083333;94;.7083333;.5416667;94;.8333333;.4583333;94;.5416667;.5416667;
95;.7708333;.0833333;95;.5416667;.1666667;95;.8333333;.2083333;95;.7291667;.2291667;95;.625;.375;95;.6666667;.3541667;95;.375;.125;95;.5416667;.2083333;95;.875;.3333333;95;.6666667;.625;95;.75;.4166667;95;.5416667;.5833333;
96;.8125;.0833333;96;.5833333;.1875;96;.8541667;.1458333;96;.7916667;.25;96;.6458333;.2916667;96;.6458333;.4166667;96;.4166667;.125;96;.6666667;.2083333;96;.7916667;.3333333;96;.7083333;.5;96;.6666667;.3333333;96;.6666667;.3333333;
97;.7916667;.1041667;97;.5;.25;97;.7916667;.125;97;.7916667;.2708333;97;.5833333;.3958333;97;.6041667;.4375;97;.5416667;.0833333;97;.5833333;.1666667;97;.8333333;.2083333;97;.7083333;.3333333;97;.7083333;.4166667;97;.75;.4166667;
98;.75;.0833333;98;.5416667;.2708333;98;.7708333;.2083333;98;.8333333;.3333333;98;.625;.3125;98;.6875;.4375;98;.5;.125;98;.5833333;.25;98;.9166667;.25;98;.6666667;.5416667;98;.7083333;.3333333;98;.4166667;.4166667;
99;.7708333;.0625;99;.5625;.2708333;99;.7083333;.125;99;.7083333;.2083333;99;.6666667;.2916667;99;.6458333;.3958333;99;.5416667;.0833333;99;.7083333;.2083333;99;.9166667;.2083333;99;.7083333;.4166667;99;.7083333;.3333333;99;.5416667;.3333333;
100;.6041667;.0833333;100;.5208333;.2291667;100;.7083333;.1666667;100;.6875;.2916667;100;.6458333;.3125;100;.625;.5833333;100;.5416667;.125;100;.625;.4166667;100;.9166667;.1666667;100;.8333333;.4166667;100;.8333333;.3333333;100;.5;.3333333;
101;.6666667;.0416667;101;.5833333;.1041667;101;.75;.1458333;101;.6041667;.3333333;101;.6041667;.3541667;101;.5208333;.4791667;101;.4583333;.1666667;101;.5833333;.3333333;101;.8333333;.2916667;101;.5833333;.5;101;.625;.4166667;101;.6666667;.4166667;
102;.6875;.0625;102;.625;.1875;102;.7916667;.1666667;102;.5833333;.2291667;102;.7083333;.1875;102;.5;.4375;102;.5;.25;102;.625;.2083333;102;.875;.2083333;102;.4583333;.375;102;.7083333;.2916667;102;.4583333;.375;
103;.6875;.0833333;103;.6458333;.2708333;103;.8333333;.1458333;103;.7916667;.2083333;103;.7291667;.25;103;.5833333;.4791667;103;.5;.0416667;103;.5833333;.25;103;.875;.2083333;103;.6666667;.3333333;103;.75;.5;103;.625;.6666667;
104;.7291667;.0833333;104;.5833333;.375;104;.75;.1875;104;.7916667;.2916667;104;.7708333;.3333333;104;.6041667;.3125;104;.5;.125;104;.5833333;.125;104;.75;.2083333;104;.625;.2916667;104;.7083333;.3333333;104;.375;.375;
105;.7083333;.0625;105;.4375;.1875;105;.9166667;.125;105;.75;.3333333;105;.75;.4375;105;.6458333;.3333333;105;.5;.25;105;.625;.1666667;105;.875;.3333333;105;.625;.375;105;.7916667;.4166667;105;.6666667;.2916667;
106;.625;.0416667;106;.5208333;.3125;106;.8333333;.1458333;106;.7916667;.3125;106;.6458333;.3541667;106;.6875;.3541667;106;.4166667;.125;106;.5833333;.375;106;.8333333;.2916667;106;.7916667;.3333333;106;.7083333;.4166667;106;.75;.375;
107;.6458333;.0625;107;.5208333;.25;107;.7708333;.1875;107;.8125;.2708333;107;.6875;.3333333;107;.6666667;.5208333;107;.5;.2083333;107;.5;.1666667;107;.7083333;.375;107;.7083333;.2916667;107;.625;.5;107;.7083333;.4166667;
108;.7083333;.1041667;108;.4583333;.3541667;108;.7708333;.125;108;.7708333;.25;108;.7291667;.4166667;108;.6666667;.375;108;.5833333;.0416667;108;.5;.0833333;108;.875;.3333333;108;.5833333;.3333333;108;.6666667;.375;108;.6666667;.5416667;
109;.7291667;.0416667;109;.4375;.2083333;109;.8125;.1875;109;.7708333;.375;109;.625;.375;109;.6041667;.5416667;109;.5416667;.0833333;109;.5416667;.2916667;109;.9166667;.2916667;109;.75;.2916667;109;.75;.2916667;109;.625;.4166667;
110;.75;.125;110;.5625;.2291667;110;.9166667;.1041667;110;.75;.2291667;110;.5833333;.375;110;.5833333;.5833333;110;.5;.0833333;110;.7083333;.125;110;.8333333;.25;110;.7083333;.375;110;.625;.4166667;110;.625;.4583333;
111;.75;.1458333;111;.4166667;.3333333;111;.8333333;.1875;111;.7291667;.3333333;111;.7083333;.3333333;111;.5416667;.375;111;.4583333;.1666667;111;.5416667;.2916667;111;.75;.25;111;.625;.4166667;111;.5;.5;111;.5416667;.4583333;
112;.7916667;.0625;112;.4791667;.2916667;112;.7291667;.1666667;112;.8125;.2708333;112;.6875;.3333333;112;.6458333;.3958333;112;.5833333;.125;112;.5833333;.0416667;112;.75;.125;112;.6666667;.4583333;112;.7083333;.2916667;112;.3333333;.5416667;
113;.7708333;.1041667;113;.375;.1666667;113;.75;.125;113;.8125;.1875;113;.75;.4166667;113;.7291667;.3958333;113;.5;.0416667;113;.6666667;.1666667;113;.9166667;.25;113;.6666667;.375;113;.5833333;.25;113;.625;.5;
114;.7708333;.0416667;114;.6041667;.2291667;114;.7291667;.2291667;114;.7916667;.2916667;114;.8333333;.375;114;.5625;.3958333;114;.5833333;.1666667;114;.625;.1666667;114;.8333333;.25;114;.625;.25;114;.625;.2083333;114;.5833333;.5416667;
115;.7083333;.0208333;115;.5208333;.2291667;115;.7708333;.1458333;115;.7916667;.2083333;115;.75;.4166667;115;.6458333;.5;115;.5416667;.125;115;.6666667;.2083333;115;.8333333;.2916667;115;.75;.3333333;115;.75;.3333333;115;.5;.4166667;
116;.7916667;.0208333;116;.5416667;.1458333;116;.8333333;.1666667;116;.75;.3541667;116;.5625;.4583333;116;.5208333;.5416667;116;.5833333;.0416667;116;.7916667;.25;116;.8333333;.3333333;116;.7083333;.375;116;.5416667;.3333333;116;.5416667;.3333333;
117;.7291667;.125;117;.4791667;.1458333;117;.8125;.1458333;117;.6666667;.3541667;117;.625;.4166667;117;.5833333;.4583333;117;.4583333;.0833333;117;.6666667;.2083333;117;.7916667;.2083333;117;.625;.3333333;117;.6666667;.4166667;117;.625;.4583333;
118;.7708333;.0416667;118;.5;.1666667;118;.8125;.1875;118;.7708333;.375;118;.5833333;.375;118;.5625;.5208333;118;.5;.0416667;118;.6666667;.25;118;.7916667;.2083333;118;.7083333;.625;118;.75;.4583333;118;.7083333;.5416667;
119;.7083333;.0208333;119;.5;.1666667;119;.7916667;.1666667;119;.7291667;.3125;119;.6875;.3333333;119;.4583333;.4583333;119;.5416667;.0833333;119;.5833333;.2916667;119;.875;.25;119;.5833333;.375;119;.625;.4166667;119;.4583333;.375;
120;.7291667;.0416667;120;.5416667;.25;120;.8541667;.1458333;120;.7708333;.4583333;120;.625;.5;120;.5625;.3958333;120;.5416667;.125;120;.5833333;.125;120;.875;.25;120;.625;.3333333;120;.5416667;.2916667;120;.5833333;.4583333;
121;.8125;.0833333;121;.625;.1875;121;.8333333;.1458333;121;.7291667;.4166667;121;.6041667;.4375;121;.6875;.4375;121;.5416667;.1666667;121;.6666667;.0833333;121;.9166667;.2083333;121;.625;.3333333;121;.5833333;.2916667;121;.5416667;.5416667;
122;.75;.125;122;.5208333;.25;122;.8333333;.2083333;122;.6041667;.3541667;122;.5833333;.3541667;122;.5208333;.4583333;122;.5833333;.1666667;122;.7916667;.2916667;122;.9583333;.2083333;122;.625;.2916667;122;.5416667;.3333333;122;.5833333;.4583333;
123;.7291667;.0625;123;.6041667;.2291667;123;.7708333;.2083333;123;.5625;.3125;123;.6458333;.375;123;.5416667;.4375;123;.5833333;.125;123;.6666667;.375;123;.8333333;.2083333;123;.6666667;.375;123;.625;.25;123;.5416667;.5833333;
124;.75;.0625;124;.5833333;.2916667;124;.7916667;.1458333;124;.7083333;.375;124;.5833333;.3333333;124;.7083333;.3541667;124;.6666667;.0416667;124;.5;.25;124;.7916667;.25;124;.5833333;.3333333;124;.625;.125;124;.5;.5;
125;.75;.0416667;125;.5833333;.125;125;.7708333;.2083333;125;.7291667;.2916667;125;.6458333;.3333333;125;.6666667;.2708333;125;.5833333;.125;125;.4166667;.1666667;125;.8333333;.1666667;125;.625;.4583333;125;.5833333;.25;125;.7083333;.375;
126;.6458333;.0625;126;.5833333;.2708333;126;.8333333;.2083333;126;.75;.125;126;.6666667;.3125;126;.625;.4791667;126;.5833333;.1666667;126;.7916667;.1666667;126;.875;.2916667;126;.5833333;.3333333;126;.7083333;.4166667;126;.7083333;.4166667;
127;.6458333;.125;127;.5416667;.1458333;127;.8333333;.1875;127;.8333333;.2291667;127;.6458333;.2708333;127;.5833333;.5416667;127;.6666667;0;127;.5833333;.1666667;127;.9166667;.1666667;127;.75;.375;127;.7083333;.2916667;127;.8333333;.4166667;
128;.625;.0416667;128;.6458333;.2708333;128;.875;.1875;128;.8125;.2708333;128;.75;.375;128;.625;.5;128;.625;.1666667;128;.625;.25;128;.8333333;.1666667;128;.6666667;.3333333;128;.75;.2916667;128;.7083333;.5;
129;.7291667;.0625;129;.5208333;.2291667;129;.8333333;.0833333;129;.8125;.3333333;129;.6458333;.3541667;129;.6666667;.5;129;.625;.0833333;129;.5833333;.1666667;129;.7916667;.1666667;129;.75;.4166667;129;.6666667;.5;129;.625;.4583333;
130;.7083333;.0625;130;.5208333;.2291667;130;.7916667;.1875;130;.5833333;.375;130;.6666667;.375;130;.6458333;.4375;130;.4583333;.0833333;130;.625;.2916667;130;.8333333;.2083333;130;.5;.3333333;130;.6666667;.4166667;130;.625;.3333333;
131;.6875;.0625;131;.6041667;.2291667;131;.7916667;.2291667;131;.75;.2291667;131;.5;.3541667;131;.5625;.5208333;131;.625;.0833333;131;.6666667;.125;131;.8333333;.2916667;131;.5833333;.375;131;.5833333;.5;131;.625;.5416667;
132;.75;.0625;132;.5208333;.1666667;132;.7708333;.1666667;132;.7291667;.2291667;132;.5833333;.2916667;132;.6666667;.4791667;132;.5416667;.0416667;132;.6666667;.2083333;132;.875;.3333333;132;.75;.3333333;132;.7083333;.3333333;132;.5;.375;
133;.7916667;.1041667;133;.5625;.1458333;133;.8541667;.1458333;133;.8125;.2083333;133;.5833333;.2083333;133;.5208333;.5416667;133;.5833333;.0833333;133;.6666667;.2083333;133;.7916667;.375;133;.625;.3333333;133;.7083333;.5;133;.5833333;.5833333;
134;.7916667;.0208333;134;.6041667;.1458333;134;.7708333;.1875;134;.8333333;.2708333;134;.75;.2708333;134;.5833333;.5;134;.6666667;0;134;.6666667;.2916667;134;.8333333;.375;134;.625;.5416667;134;.6666667;.3333333;134;.5;.5;
135;.7916667;.0625;135;.5833333;.1875;135;.8958333;.2083333;135;.7291667;.2291667;135;.7916667;.2708333;135;.5208333;.3333333;135;.7083333;.125;135;.7916667;.1666667;135;.875;.3333333;135;.7916667;.25;135;.75;.1666667;135;.5833333;.4583333;
136;.7708333;.0625;136;.5;.1458333;136;.8125;.1458333;136;.8125;.3125;136;.6666667;.4375;136;.6458333;.5416667;136;.5833333;.125;136;.6666667;.2916667;136;.75;.25;136;.7083333;.2083333;136;.625;.3333333;136;.5833333;.2083333;
137;.7708333;.1041667;137;.5416667;.125;137;.8333333;.125;137;.8333333;.3125;137;.6458333;.2708333;137;.5416667;.4791667;137;.625;.1666667;137;.5833333;.2916667;137;.75;.1666667;137;.8333333;.25;137;.7083333;.3333333;137;.4583333;.5;
138;.7291667;.0833333;138;.6458333;.2916667;138;.875;.1458333;138;.8125;.3541667;138;.6041667;.375;138;.5833333;.5416667;138;.625;.1666667;138;.5833333;.375;138;.8333333;.2083333;138;.625;.4583333;138;.5416667;.2916667;138;.6666667;.4166667;
139;.6875;.1041667;139;.5833333;.2291667;139;.8958333;.1666667;139;.875;.3958333;139;.6458333;.3125;139;.5416667;.4791667;139;.6666667;0;139;.6666667;.2916667;139;.9583333;.3333333;139;.5833333;.375;139;.4583333;.2916667;139;.5;.4166667;
140;.7083333;.1041667;140;.6041667;.1666667;140;.8333333;.1458333;140;.6875;.375;140;.7083333;.3333333;140;.5625;.3333333;140;.5833333;0;140;.6666667;.375;140;.9583333;.25;140;.6666667;.4166667;140;.5416667;.2083333;140;.6666667;.2916667;
141;.7083333;.0833333;141;.6458333;.3125;141;.7916667;.125;141;.7708333;.3125;141;.6041667;.25;141;.6041667;.5;141;.625;.0833333;141;.625;.3333333;141;.9166667;.2916667;141;.6666667;.4583333;141;.5833333;.2916667;141;.5833333;.5;
142;.75;.0625;142;.5;.2083333;142;.8541667;.1875;142;.75;.2291667;142;.75;.3958333;142;.5208333;.5;142;.625;.0416667;142;.5416667;.375;142;.6666667;.5;142;.7916667;.4166667;142;.75;.375;142;.5416667;.5;
143;.7708333;.0416667;143;.5833333;.1875;143;.875;.1875;143;.7708333;.3125;143;.6458333;.4166667;143;.6666667;.4583333;143;.625;.0416667;143;.5;.3333333;143;.75;.3333333;143;.75;.4583333;143;.8333333;.4166667;143;.5416667;.4583333;
144;.8125;.0208333;144;.5;.1458333;144;.875;.2083333;144;.7916667;.3333333;144;.6666667;.4583333;144;.6041667;.4375;144;.7083333;.0416667;144;.5416667;.25;144;.7916667;.25;144;.5833333;.4166667;144;.6666667;.5833333;144;.7083333;.4583333;
145;.8125;.125;145;.625;.1875;145;.7708333;.2083333;145;.75;.3125;145;.5833333;.3541667;145;.625;.3958333;145;.75;.0416667;145;.625;.25;145;.875;.3333333;145;.6666667;.2916667;145;.625;.4166667;145;.5416667;.4166667;
146;.8541667;.1458333;146;.6041667;.2708333;146;.7708333;.125;146;.7708333;.375;146;.6666667;.3125;146;.6458333;.4791667;146;.7083333;.0833333;146;.75;.1666667;146;.875;.3333333;146;.7083333;.375;146;.5833333;.2916667;146;.625;.375;
147;.7083333;.1041667;147;.6458333;.2708333;147;.8125;.1666667;147;.6458333;.4166667;147;.75;.4583333;147;.6041667;.5;147;.7083333;.1666667;147;.7083333;.2083333;147;.875;.3333333;147;.875;.5416667;147;.5833333;.3333333;147;.625;.4583333;
148;.7708333;.1041667;148;.5;.1458333;148;.7291667;.1875;148;.75;.25;148;.6875;.3125;148;.5;.5208333;148;.7083333;.0833333;148;.5833333;.2083333;148;.875;.25;148;.7083333;.4583333;148;.5416667;.2916667;148;.6666667;.4166667;
149;.7708333;.0416667;149;.625;.2291667;149;.8125;.1041667;149;.75;.2291667;149;.6666667;.375;149;.6041667;.3958333;149;.625;.0833333;149;.625;.125;149;.9166667;.3333333;149;.8333333;.4583333;149;.4583333;.3333333;149;.625;.5;
150;.7291667;.125;150;.4375;.25;150;.7708333;.1458333;150;.8333333;.1875;150;.5833333;.25;150;.5833333;.5416667;150;.5833333;.0416667;150;.5833333;.25;150;.625;.25;150;.8333333;.375;150;.5416667;.25;150;.6666667;.5416667;
151;.6875;.0833333;151;.6041667;.25;151;.8125;.1666667;151;.7083333;.2708333;151;.6041667;.2916667;151;.6458333;.3958333;151;.75;.0833333;151;.75;.2083333;151;.8333333;.2083333;151;.7083333;.625;151;.75;.3333333;151;.7083333;.5;
152;.6458333;.125;152;.6458333;.2291667;152;.8125;.1666667;152;.7083333;.3125;152;.625;.2708333;152;.5625;.3333333;152;.75;.0416667;152;.625;.2916667;152;.9583333;.25;152;.75;.4583333;152;.8333333;.3333333;152;.5;.5416667;
153;.6666667;.0833333;153;.5625;.2291667;153;.8541667;.2083333;153;.7291667;.2916667;153;.6875;.2916667;153;.5208333;.4583333;153;.75;.125;153;.7083333;.2916667;153;.7916667;.2916667;153;.625;.2916667;153;.7083333;.3333333;153;.5416667;.4583333;
154;.6666667;.0625;154;.6458333;.2083333;154;.75;.2291667;154;.8125;.25;154;.625;.3333333;154;.5833333;.5;154;.625;.0833333;154;.5833333;.3333333;154;.75;.2083333;154;.625;.2916667;154;.625;.4166667;154;.5;.4166667;
155;.6458333;.0416667;155;.5625;.2083333;155;.7708333;.1041667;155;.5833333;.2291667;155;.6041667;.2916667;155;.5833333;.3541667;155;.75;.0416667;155;.7083333;.1666667;155;.8333333;.25;155;.6666667;.4583333;155;.6666667;.2083333;155;.6666667;.2916667;
156;.7083333;.0208333;156;.5625;.1666667;156;.7916667;.1041667;156;.6875;.2083333;156;.5833333;.2291667;156;.625;.3541667;156;.75;.125;156;.625;.25;156;.8333333;.125;156;.5833333;.3333333;156;.6666667;.3333333;156;.75;.5;
157;.7291667;.0625;157;.5625;.375;157;.8333333;.1666667;157;.7708333;.2916667;157;.6875;.2291667;157;.6875;.4375;157;.6666667;.125;157;.5;.2083333;157;.7916667;.2083333;157;.7083333;.375;157;.6666667;.4583333;157;.75;.5833333;
158;.75;.0416667;158;.5208333;.2916667;158;.8333333;.0833333;158;.7916667;.2916667;158;.7083333;.3333333;158;.6875;.4375;158;.75;.0416667;158;.5416667;.2083333;158;.8333333;.25;158;.5833333;.375;158;.6666667;.4166667;158;.5833333;.4166667;
159;.7083333;.0416667;159;.4375;.2083333;159;.8333333;.125;159;.7291667;.3333333;159;.75;.3958333;159;.6041667;.4583333;159;.6666667;.0416667;159;.7083333;.125;159;.8333333;.2083333;159;.75;.3333333;159;.7083333;.2916667;159;.6666667;.4166667;
160;.75;.0833333;160;.5208333;.2291667;160;.8333333;.1041667;160;.6875;.3333333;160;.6666667;.25;160;.4791667;.5208333;160;.75;.1666667;160;.75;.2083333;160;.6666667;.0833333;160;.625;.4583333;160;.7916667;.375;160;.625;.4166667;
161;.6666667;.0833333;161;.4791667;.1666667;161;.875;.1666667;161;.7708333;.25;161;.6666667;.3333333;161;.5833333;.4166667;161;.75;.125;161;.6666667;.2916667;161;.875;.2916667;161;.75;.5416667;161;.7916667;.3333333;161;.6666667;.5833333;
162;.75;.0416667;162;.5;.1666667;162;.7708333;.1458333;162;.7916667;.3125;162;.6666667;.3333333;162;.5625;.4375;162;.75;.0833333;162;.625;.2083333;162;.9583333;.3333333;162;.6666667;.3333333;162;.7083333;.3333333;162;.7916667;.4166667;
163;.75;.0208333;163;.5833333;.1875;163;.8333333;.1666667;163;.7291667;.2083333;163;.6875;.2083333;163;.5625;.4791667;163;.8333333;0;163;.625;.125;163;.8333333;.3333333;163;.7083333;.2083333;163;.5833333;.4166667;163;.5416667;.4166667;
164;.75;.0208333;164;.5208333;.1666667;164;.7708333;.1666667;164;.7916667;.375;164;.6875;.2291667;164;.6041667;.3958333;164;.6666667;.0416667;164;.6666667;.2083333;164;.875;.2916667;164;.7916667;.3333333;164;.5833333;.125;164;.75;.4166667;
165;.7291667;.0416667;165;.4166667;.1458333;165;.7291667;.1041667;165;.7083333;.2708333;165;.7291667;.3541667;165;.5833333;.3541667;165;.5833333;.1666667;165;.625;.2083333;165;.8333333;.3333333;165;.8333333;.3333333;165;.7083333;.375;165;.5;.4166667;
166;.7083333;.0625;166;.5208333;.1875;166;.8125;.125;166;.6875;.375;166;.7291667;.3958333;166;.6875;.3125;166;.625;.0833333;166;.625;.2916667;166;.9166667;.0833333;166;.75;.4166667;166;.75;.4583333;166;.6666667;.4166667;
167;.7083333;.0833333;167;.5625;.1875;167;.7291667;.2083333;167;.7916667;.3125;167;.7083333;.3958333;167;.5625;.5833333;167;.6666667;.0833333;167;.625;.3333333;167;.9166667;.2083333;167;.75;.2083333;167;.7083333;.375;167;.5;.3333333;
168;.75;.0416667;168;.5;.1666667;168;.8958333;.1041667;168;.8333333;.2916667;168;.625;.375;168;.5625;.5;168;.7083333;.1666667;168;.5833333;.3333333;168;.7916667;.2916667;168;.5833333;.2083333;168;.75;.1666667;168;.625;.4583333;
169;.7083333;.0416667;169;.5;.1458333;169;.8125;.1666667;169;.75;.2291667;169;.6666667;.3125;169;.625;.4583333;169;.625;.125;169;.5833333;.2083333;169;.9583333;.2916667;169;.7083333;.2083333;169;.75;.3333333;169;.5416667;.3333333;
170;.6875;.1041667;170;.5416667;.1875;170;.8958333;.125;170;.7083333;.2916667;170;.6041667;.2708333;170;.6458333;.3958333;170;.6666667;.125;170;.625;.2083333;170;.7916667;.2083333;170;.625;.25;170;.7083333;.375;170;.7083333;.375;
171;.6875;.0416667;171;.5208333;.2083333;171;.8125;.1875;171;.6875;.2708333;171;.7708333;.2708333;171;.5833333;.5416667;171;.7083333;.1666667;171;.8333333;.3333333;171;.9166667;.25;171;.75;.4166667;171;.625;.5;171;.5833333;.4583333;
172;.6666667;.0416667;172;.625;.2083333;172;.7916667;.1666667;172;.7916667;.2708333;172;.6458333;.3541667;172;.5833333;.4375;172;.625;.0833333;172;.4583333;.4166667;172;.7916667;.2083333;172;.75;.375;172;.5833333;.5416667;172;.625;.375;
173;.6875;.125;173;.5;.2083333;173;.9166667;.1875;173;.8333333;.2916667;173;.6458333;.3125;173;.4583333;.3333333;173;.5416667;.0833333;173;.625;.2916667;173;.8333333;.2083333;173;.6666667;.4166667;173;.7083333;.2916667;173;.5833333;.4583333;
174;.7083333;.0416667;174;.5;.0833333;174;.8958333;.125;174;.75;.3333333;174;.7083333;.2916667;174;.6458333;.2916667;174;.5833333;.0833333;174;.7083333;.375;174;.9166667;.2916667;174;.7916667;.375;174;.75;.4583333;174;.6666667;.5416667;
175;.7708333;.0416667;175;.5833333;.2291667;175;.875;.2291667;175;.7083333;.3333333;175;.6666667;.3541667;175;.6875;.4583333;175;.5416667;.1666667;175;.5833333;.2083333;175;.875;.25;175;.75;.375;175;.6666667;.375;175;.6666667;.5416667;
176;.75;.0625;176;.6041667;.125;176;.7916667;.1666667;176;.75;.3541667;176;.5833333;.2083333;176;.6458333;.5416667;176;.625;.0416667;176;.5833333;.3333333;176;.875;.2916667;176;.8333333;.4583333;176;.6666667;.2916667;176;.6666667;.625;
177;.75;.0416667;177;.5833333;.125;177;.875;.1666667;177;.7291667;.2708333;177;.6458333;.1875;177;.6666667;.5;177;.75;.0833333;177;.5833333;.2916667;177;.8333333;.3333333;177;.6666667;.4166667;177;.5833333;.2916667;177;.5;.5;
178;.7083333;.0833333;178;.6041667;.1666667;178;.8541667;.1041667;178;.625;.375;178;.8541667;.2916667;178;.7291667;.5416667;178;.625;.0833333;178;.5;.25;178;.7083333;.2916667;178;.7083333;.3333333;178;.7083333;.3333333;178;.5;.25;
179;.7708333;.0208333;179;.5833333;.2291667;179;.875;.125;179;.7916667;.2916667;179;.875;.3333333;179;.6041667;.4583333;179;.6666667;.0833333;179;.3333333;.125;179;.8333333;.125;179;.625;.3333333;179;.625;.4583333;179;.625;.375;
180;.75;.0208333;180;.5625;.1666667;180;.875;.1041667;180;.7708333;.2916667;180;.7916667;.3958333;180;.6041667;.3958333;180;.7083333;.0833333;180;.5833333;.1666667;180;.75;.25;180;.7083333;.375;180;.4583333;.5416667;180;.75;.4166667;
181;.75;.0833333;181;.5416667;.2291667;181;.8958333;.125;181;.7708333;.25;181;.7291667;.3958333;181;.6458333;.5208333;181;.6666667;.0833333;181;.75;.25;181;.7916667;.2083333;181;.8333333;.5;181;.4166667;.1666667;181;.7916667;.5416667;
182;.6666667;.0416667;182;.5833333;.2083333;182;.7916667;.125;182;.75;.1666667;182;.6875;.3333333;182;.6041667;.4583333;182;.7083333;.0833333;182;.5833333;.2916667;182;.7916667;.2083333;182;.7083333;.4583333;182;.625;.2083333;182;.7083333;.5;
183;.6875;.0625;183;.5208333;.1041667;183;.8541667;.2291667;183;.8125;.3125;183;.7083333;.3958333;183;.5625;.4166667;183;.75;.0833333;183;.5;.3333333;183;.8333333;.0833333;183;.625;.375;183;.625;.1666667;183;.7083333;.4166667;
184;.625;.0416667;184;.6041667;.1458333;184;.8125;.1666667;184;.875;.2916667;184;.6458333;.375;184;.5833333;.3541667;184;.6666667;.1666667;184;.625;.4166667;184;.9583333;.1666667;184;.7083333;.2083333;184;.7083333;.25;184;.4583333;.625;
185;.6458333;.0625;185;.5833333;.2708333;185;.7708333;.2083333;185;.8125;.3333333;185;.6666667;.3958333;185;.5;.3541667;185;.5833333;.1666667;185;.5416667;.0833333;185;.9583333;.1666667;185;.5833333;.3333333;185;.7083333;.2083333;185;.625;.2916667;
186;.6875;.0833333;186;.5208333;.1666667;186;.75;.125;186;.7708333;.4166667;186;.7708333;.2083333;186;.625;.3541667;186;.6666667;.0416667;186;.5833333;.0416667;186;.75;.4166667;186;.75;.25;186;.7916667;.4166667;186;.5;.4166667;
187;.625;.0625;187;.4375;.1875;187;.875;.1458333;187;.7916667;.3958333;187;.7083333;.3125;187;.6875;.375;187;.7083333;.125;187;.625;.1666667;187;.7916667;.375;187;.875;.2083333;187;.5416667;.4583333;187;.5;.3333333;
188;.6458333;.0416667;188;.4583333;.1666667;188;.8125;.1458333;188;.8541667;.3333333;188;.7291667;.3125;188;.6041667;.4791667;188;.7083333;.0416667;188;.7083333;.2083333;188;.8333333;.2916667;188;.75;.375;188;.5416667;.25;188;.5833333;.2916667;
189;.6875;.0625;189;.4375;.2083333;189;.7916667;.1875;189;.7291667;.3541667;189;.7083333;.3958333;189;.5625;.5416667;189;.75;.1666667;189;.6666667;.125;189;.9166667;.3333333;189;.875;.25;189;.7083333;.25;189;.7083333;.375;
190;.6458333;.0208333;190;.4583333;.125;190;.7708333;.1666667;190;.7083333;.3125;190;.6458333;.3125;190;.5833333;.4166667;190;.5833333;.125;190;.625;.25;190;1;.25;190;.75;.375;190;.6666667;.3333333;190;.7916667;.4166667;
191;.6875;0;191;.4791667;.1041667;191;.75;.1875;191;.7708333;.2708333;191;.6458333;.4375;191;.5625;.4375;191;.75;.0833333;191;.5;.1666667;191;.75;.2916667;191;.7083333;.25;191;.75;.4166667;191;.8333333;.2916667;
192;.6875;.0208333;192;.4583333;.1875;192;.8541667;.0833333;192;.7916667;.375;192;.625;.2916667;192;.6041667;.5;192;.6666667;.2083333;192;.5833333;.25;192;.9166667;.25;192;.5833333;.3333333;192;.7083333;.375;192;.625;.5;
193;.75;.1041667;193;.6458333;.125;193;.875;.1458333;193;.7291667;.4166667;193;.6458333;.2708333;193;.625;.3958333;193;.75;.2083333;193;.5833333;.1666667;193;.9166667;.0833333;193;.6666667;.25;193;.5833333;.2083333;193;.625;.5;
194;.6875;.0416667;194;.5208333;.1041667;194;.8333333;.125;194;.75;.3541667;194;.7083333;.2291667;194;.625;.4375;194;.6666667;.125;194;.6666667;.25;194;.875;.2083333;194;.7916667;.25;194;.875;.2916667;194;.5833333;.4166667;
195;.6458333;.0208333;195;.5625;.2083333;195;.8541667;.125;195;.6875;.25;195;.6666667;.2916667;195;.5625;.4583333;195;.625;.125;195;.75;.3333333;195;.9166667;.2083333;195;.8333333;.25;195;.6666667;.375;195;.7916667;.5;
196;.6875;.1041667;196;.4375;.2291667;196;.8958333;.1458333;196;.75;.2916667;196;.6666667;.1875;196;.6666667;.2916667;196;.5833333;.1666667;196;.625;.375;196;.875;.1666667;196;.75;.2916667;196;.5833333;.25;196;.75;.4583333;
197;.6458333;.0625;197;.4375;.2916667;197;.875;.1458333;197;.625;.25;197;.6875;.2291667;197;.5625;.3333333;197;.5416667;.125;197;.625;.3333333;197;.7916667;.1666667;197;.7916667;.1666667;197;.7083333;.2083333;197;.5;.5833333;
198;.625;.0625;198;.4375;.0833333;198;.7916667;.1458333;198;.6041667;.2291667;198;.7083333;.2708333;198;.6458333;.3958333;198;.5833333;.0833333;198;.5833333;.2916667;198;.7916667;.1666667;198;.7083333;.2916667;198;.5833333;.4166667;198;.4583333;.4166667;
199;.5416667;.0208333;199;.4375;.125;199;.75;.1041667;199;.5833333;.1875;199;.6041667;.2916667;199;.5208333;.3541667;199;.6666667;.0833333;199;.4166667;.2916667;199;.8333333;0;199;.7083333;.2916667;199;.5416667;.2083333;199;.625;.3333333;
200;.5208333;.0416667;200;.375;.125;200;.6666667;.0833333;200;.4375;.1041667;200;.6666667;.2291667;200;.5833333;.3541667;200;.5833333;.125;200;.4583333;.0833333;200;.7083333;.125;200;.7083333;.125;200;.5416667;.0833333;200;.8333333;.2083333;
;;;;;;;;;;;;;;;;;;;;;;;;;;;;;;;;;;;;
;;;;;;;;;;;;;;;;;;;;;;;;;;;;;;;;;;;;
;;;;;;;;;;;;;;;;;;;;;;;;;;;;;;;;;;;;
;;;;;;;;;;;;;;;;;;;;;;;;;;;;;;;;;;;;
;;;;;;;;;;;;;;;;;;;;;;;;;;;;;;;;;;;;
;;;;;;;;;;;;;;;;;;;;;;;;;;;;;;;;;;;;
;;;;;;;;;;;;;;;;;;;;;;;;;;;;;;;;;;;;
;;;;;;;;;;;;;;;;;;;;;;;;;;;;;;;;;;;;
;;;;;;;;;;;;;;;;;;;;;;;;;;;;;;;;;;;;
;;;;;;;;;;;;;;;;;;;;;;;;;;;;;;;;;;;;
;;;;;;;;;;;;;;;;;;;;;;;;;;;;;;;;;;;;
;;;;;;;;;;;;;;;;;;;;;;;;;;;;;;;;;;;;
;;;;;;;;;;;;;;;;;;;;;;;;;;;;;;;;;;;;
;;;;;;;;;;;;;;;;;;;;;;;;;;;;;;;;;;;;
;;;;;;;;;;;;;;;;;;;;;;;;;;;;;;;;;;;;
;;;;;;;;;;;;;;;;;;;;;;;;;;;;;;;;;;;;
;;;;;;;;;;;;;;;;;;;;;;;;;;;;;;;;;;;;
;;;;;;;;;;;;;;;;;;;;;;;;;;;;;;;;;;;;
;;;;;;;;;;;;;;;;;;;;;;;;;;;;;;;;;;;;
;;;;;;;;;;;;;;;;;;;;;;;;;;;;;;;;;;;;
;;;;;;;;;;;;;;;;;;;;;;;;;;;;;;;;;;;;
;;;;;;;;;;;;;;;;;;;;;;;;;;;;;;;;;;;;
;;;;;;;;;;;;;;;;;;;;;;;;;;;;;;;;;;;;
;;;;;;;;;;;;;;;;;;;;;;;;;;;;;;;;;;;;
;;;;;;;;;;;;;;;;;;;;;;;;;;;;;;;;;;;;
;;;;;;;;;;;;;;;;;;;;;;;;;;;;;;;;;;;;
;;;;;;;;;;;;;;;;;;;;;;;;;;;;;;;;;;;;
;;;;;;;;;;;;;;;;;;;;;;;;;;;;;;;;;;;;
;;;;;;;;;;;;;;;;;;;;;;;;;;;;;;;;;;;;
;;;;;;;;;;;;;;;;;;;;;;;;;;;;;;;;;;;;
;;;;;;;;;;;;;;;;;;;;;;;;;;;;;;;;;;;;
;;;;;;;;;;;;;;;;;;;;;;;;;;;;;;;;;;;;
;;;;;;;;;;;;;;;;;;;;;;;;;;;;;;;;;;;;
;;;;;;;;;;;;;;;;;;;;;;;;;;;;;;;;;;;;
;;;;;;;;;;;;;;;;;;;;;;;;;;;;;;;;;;;;
;;;;;;;;;;;;;;;;;;;;;;;;;;;;;;;;;;;;
;;;;;;;;;;;;;;;;;;;;;;;;;;;;;;;;;;;;
;;;;;;;;;;;;;;;;;;;;;;;;;;;;;;;;;;;;
;;;;;;;;;;;;;;;;;;;;;;;;;;;;;;;;;;;;
;;;;;;;;;;;;;;;;;;;;;;;;;;;;;;;;;;;;
;;;;;;;;;;;;;;;;;;;;;;;;;;;;;;;;;;;;
;;;;;;;;;;;;;;;;;;;;;;;;;;;;;;;;;;;;
;;;;;;;;;;;;;;;;;;;;;;;;;;;;;;;;;;;;
;;;;;;;;;;;;;;;;;;;;;;;;;;;;;;;;;;;;
;;;;;;;;;;;;;;;;;;;;;;;;;;;;;;;;;;;;
;;;;;;;;;;;;;;;;;;;;;;;;;;;;;;;;;;;;
;;;;;;;;;;;;;;;;;;;;;;;;;;;;;;;;;;;;
;;;;;;;;;;;;;;;;;;;;;;;;;;;;;;;;;;;;
;;;;;;;;;;;;;;;;;;;;;;;;;;;;;;;;;;;;
;;;;;;;;;;;;;;;;;;;;;;;;;;;;;;;;;;;;
;;;;;;;;;;;;;;;;;;;;;;;;;;;;;;;;;;;;
;;;;;;;;;;;;;;;;;;;;;;;;;;;;;;;;;;;;
;;;;;;;;;;;;;;;;;;;;;;;;;;;;;;;;;;;;
;;;;;;;;;;;;;;;;;;;;;;;;;;;;;;;;;;;;
;;;;;;;;;;;;;;;;;;;;;;;;;;;;;;;;;;;;
;;;;;;;;;;;;;;;;;;;;;;;;;;;;;;;;;;;;
;;;;;;;;;;;;;;;;;;;;;;;;;;;;;;;;;;;;
;;;;;;;;;;;;;;;;;;;;;;;;;;;;;;;;;;;;
;;;;;;;;;;;;;;;;;;;;;;;;;;;;;;;;;;;;
;;;;;;;;;;;;;;;;;;;;;;;;;;;;;;;;;;;;
;;;;;;;;;;;;;;;;;;;;;;;;;;;;;;;;;;;;
;;;;;;;;;;;;;;;;;;;;;;;;;;;;;;;;;;;;
;;;;;;;;;;;;;;;;;;;;;;;;;;;;;;;;;;;;
;;;;;;;;;;;;;;;;;;;;;;;;;;;;;;;;;;;;
;;;;;;;;;;;;;;;;;;;;;;;;;;;;;;;;;;;;
;;;;;;;;;;;;;;;;;;;;;;;;;;;;;;;;;;;;
;;;;;;;;;;;;;;;;;;;;;;;;;;;;;;;;;;;;
;;;;;;;;;;;;;;;;;;;;;;;;;;;;;;;;;;;;
;;;;;;;;;;;;;;;;;;;;;;;;;;;;;;;;;;;;
;;;;;;;;;;;;;;;;;;;;;;;;;;;;;;;;;;;;
;;;;;;;;;;;;;;;;;;;;;;;;;;;;;;;;;;;;
;;;;;;;;;;;;;;;;;;;;;;;;;;;;;;;;;;;;
;;;;;;;;;;;;;;;;;;;;;;;;;;;;;;;;;;;;
;;;;;;;;;;;;;;;;;;;;;;;;;;;;;;;;;;;;
;;;;;;;;;;;;;;;;;;;;;;;;;;;;;;;;;;;;
;;;;;;;;;;;;;;;;;;;;;;;;;;;;;;;;;;;;
;;;;;;;;;;;;;;;;;;;;;;;;;;;;;;;;;;;;
;;;;;;;;;;;;;;;;;;;;;;;;;;;;;;;;;;;;
;;;;;;;;;;;;;;;;;;;;;;;;;;;;;;;;;;;;
;;;;;;;;;;;;;;;;;;;;;;;;;;;;;;;;;;;;
;;;;;;;;;;;;;;;;;;;;;;;;;;;;;;;;;;;;
;;;;;;;;;;;;;;;;;;;;;;;;;;;;;;;;;;;;
;;;;;;;;;;;;;;;;;;;;;;;;;;;;;;;;;;;;
;;;;;;;;;;;;;;;;;;;;;;;;;;;;;;;;;;;;
;;;;;;;;;;;;;;;;;;;;;;;;;;;;;;;;;;;;
;;;;;;;;;;;;;;;;;;;;;;;;;;;;;;;;;;;;
;;;;;;;;;;;;;;;;;;;;;;;;;;;;;;;;;;;;
;;;;;;;;;;;;;;;;;;;;;;;;;;;;;;;;;;;;
;;;;;;;;;;;;;;;;;;;;;;;;;;;;;;;;;;;;
;;;;;;;;;;;;;;;;;;;;;;;;;;;;;;;;;;;;
;;;;;;;;;;;;;;;;;;;;;;;;;;;;;;;;;;;;
;;;;;;;;;;;;;;;;;;;;;;;;;;;;;;;;;;;;
;;;;;;;;;;;;;;;;;;;;;;;;;;;;;;;;;;;;
;;;;;;;;;;;;;;;;;;;;;;;;;;;;;;;;;;;;
;;;;;;;;;;;;;;;;;;;;;;;;;;;;;;;;;;;;
;;;;;;;;;;;;;;;;;;;;;;;;;;;;;;;;;;;;
;;;;;;;;;;;;;;;;;;;;;;;;;;;;;;;;;;;;
;;;;;;;;;;;;;;;;;;;;;;;;;;;;;;;;;;;;
;;;;;;;;;;;;;;;;;;;;;;;;;;;;;;;;;;;;
;;;;;;;;;;;;;;;;;;;;;;;;;;;;;;;;;;;;
;;;;;;;;;;;;;;;;;;;;;;;;;;;;;;;;;;;;
;;;;;;;;;;;;;;;;;;;;;;;;;;;;;;;;;;;;
;;;;;;;;;;;;;;;;;;;;;;;;;;;;;;;;;;;;
;;;;;;;;;;;;;;;;;;;;;;;;;;;;;;;;;;;;
;;;;;;;;;;;;;;;;;;;;;;;;;;;;;;;;;;;;
;;;;;;;;;;;;;;;;;;;;;;;;;;;;;;;;;;;;
;;;;;;;;;;;;;;;;;;;;;;;;;;;;;;;;;;;;
;;;;;;;;;;;;;;;;;;;;;;;;;;;;;;;;;;;;
;;;;;;;;;;;;;;;;;;;;;;;;;;;;;;;;;;;;
;;;;;;;;;;;;;;;;;;;;;;;;;;;;;;;;;;;;
;;;;;;;;;;;;;;;;;;;;;;;;;;;;;;;;;;;;
;;;;;;;;;;;;;;;;;;;;;;;;;;;;;;;;;;;;
;;;;;;;;;;;;;;;;;;;;;;;;;;;;;;;;;;;;
;;;;;;;;;;;;;;;;;;;;;;;;;;;;;;;;;;;;
;;;;;;;;;;;;;;;;;;;;;;;;;;;;;;;;;;;;
;;;;;;;;;;;;;;;;;;;;;;;;;;;;;;;;;;;;
;;;;;;;;;;;;;;;;;;;;;;;;;;;;;;;;;;;;
;;;;;;;;;;;;;;;;;;;;;;;;;;;;;;;;;;;;
;;;;;;;;;;;;;;;;;;;;;;;;;;;;;;;;;;;;
;;;;;;;;;;;;;;;;;;;;;;;;;;;;;;;;;;;;
;;;;;;;;;;;;;;;;;;;;;;;;;;;;;;;;;;;;
;;;;;;;;;;;;;;;;;;;;;;;;;;;;;;;;;;;;
;;;;;;;;;;;;;;;;;;;;;;;;;;;;;;;;;;;;
;;;;;;;;;;;;;;;;;;;;;;;;;;;;;;;;;;;;
;;;;;;;;;;;;;;;;;;;;;;;;;;;;;;;;;;;;
;;;;;;;;;;;;;;;;;;;;;;;;;;;;;;;;;;;;
;;;;;;;;;;;;;;;;;;;;;;;;;;;;;;;;;;;;
;;;;;;;;;;;;;;;;;;;;;;;;;;;;;;;;;;;;
;;;;;;;;;;;;;;;;;;;;;;;;;;;;;;;;;;;;
;;;;;;;;;;;;;;;;;;;;;;;;;;;;;;;;;;;;
;;;;;;;;;;;;;;;;;;;;;;;;;;;;;;;;;;;;
;;;;;;;;;;;;;;;;;;;;;;;;;;;;;;;;;;;;
;;;;;;;;;;;;;;;;;;;;;;;;;;;;;;;;;;;;
;;;;;;;;;;;;;;;;;;;;;;;;;;;;;;;;;;;;
;;;;;;;;;;;;;;;;;;;;;;;;;;;;;;;;;;;;
;;;;;;;;;;;;;;;;;;;;;;;;;;;;;;;;;;;;
;;;;;;;;;;;;;;;;;;;;;;;;;;;;;;;;;;;;
;;;;;;;;;;;;;;;;;;;;;;;;;;;;;;;;;;;;
;;;;;;;;;;;;;;;;;;;;;;;;;;;;;;;;;;;;
;;;;;;;;;;;;;;;;;;;;;;;;;;;;;;;;;;;;
;;;;;;;;;;;;;;;;;;;;;;;;;;;;;;;;;;;;
;;;;;;;;;;;;;;;;;;;;;;;;;;;;;;;;;;;;
;;;;;;;;;;;;;;;;;;;;;;;;;;;;;;;;;;;;
;;;;;;;;;;;;;;;;;;;;;;;;;;;;;;;;;;;;
;;;;;;;;;;;;;;;;;;;;;;;;;;;;;;;;;;;;
;;;;;;;;;;;;;;;;;;;;;;;;;;;;;;;;;;;;
;;;;;;;;;;;;;;;;;;;;;;;;;;;;;;;;;;;;
;;;;;;;;;;;;;;;;;;;;;;;;;;;;;;;;;;;;
;;;;;;;;;;;;;;;;;;;;;;;;;;;;;;;;;;;;
;;;;;;;;;;;;;;;;;;;;;;;;;;;;;;;;;;;;
;;;;;;;;;;;;;;;;;;;;;;;;;;;;;;;;;;;;
;;;;;;;;;;;;;;;;;;;;;;;;;;;;;;;;;;;;
;;;;;;;;;;;;;;;;;;;;;;;;;;;;;;;;;;;;
;;;;;;;;;;;;;;;;;;;;;;;;;;;;;;;;;;;;
;;;;;;;;;;;;;;;;;;;;;;;;;;;;;;;;;;;;
;;;;;;;;;;;;;;;;;;;;;;;;;;;;;;;;;;;;
;;;;;;;;;;;;;;;;;;;;;;;;;;;;;;;;;;;;
;;;;;;;;;;;;;;;;;;;;;;;;;;;;;;;;;;;;
;;;;;;;;;;;;;;;;;;;;;;;;;;;;;;;;;;;;
;;;;;;;;;;;;;;;;;;;;;;;;;;;;;;;;;;;;
;;;;;;;;;;;;;;;;;;;;;;;;;;;;;;;;;;;;
;;;;;;;;;;;;;;;;;;;;;;;;;;;;;;;;;;;;
;;;;;;;;;;;;;;;;;;;;;;;;;;;;;;;;;;;;
;;;;;;;;;;;;;;;;;;;;;;;;;;;;;;;;;;;;
;;;;;;;;;;;;;;;;;;;;;;;;;;;;;;;;;;;;
;;;;;;;;;;;;;;;;;;;;;;;;;;;;;;;;;;;;
;;;;;;;;;;;;;;;;;;;;;;;;;;;;;;;;;;;;
;;;;;;;;;;;;;;;;;;;;;;;;;;;;;;;;;;;;
;;;;;;;;;;;;;;;;;;;;;;;;;;;;;;;;;;;;
;;;;;;;;;;;;;;;;;;;;;;;;;;;;;;;;;;;;
;;;;;;;;;;;;;;;;;;;;;;;;;;;;;;;;;;;;
;;;;;;;;;;;;;;;;;;;;;;;;;;;;;;;;;;;;
;;;;;;;;;;;;;;;;;;;;;;;;;;;;;;;;;;;;
;;;;;;;;;;;;;;;;;;;;;;;;;;;;;;;;;;;;
;;;;;;;;;;;;;;;;;;;;;;;;;;;;;;;;;;;;
;;;;;;;;;;;;;;;;;;;;;;;;;;;;;;;;;;;;
;;;;;;;;;;;;;;;;;;;;;;;;;;;;;;;;;;;;
;;;;;;;;;;;;;;;;;;;;;;;;;;;;;;;;;;;;
;;;;;;;;;;;;;;;;;;;;;;;;;;;;;;;;;;;;
;;;;;;;;;;;;;;;;;;;;;;;;;;;;;;;;;;;;
;;;;;;;;;;;;;;;;;;;;;;;;;;;;;;;;;;;;
;;;;;;;;;;;;;;;;;;;;;;;;;;;;;;;;;;;;
;;;;;;;;;;;;;;;;;;;;;;;;;;;;;;;;;;;;
;;;;;;;;;;;;;;;;;;;;;;;;;;;;;;;;;;;;
;;;;;;;;;;;;;;;;;;;;;;;;;;;;;;;;;;;;
;;;;;;;;;;;;;;;;;;;;;;;;;;;;;;;;;;;;
;;;;;;;;;;;;;;;;;;;;;;;;;;;;;;;;;;;;
;;;;;;;;;;;;;;;;;;;;;;;;;;;;;;;;;;;;
;;;;;;;;;;;;;;;;;;;;;;;;;;;;;;;;;;;;
;;;;;;;;;;;;;;;;;;;;;;;;;;;;;;;;;;;;
;;;;;;;;;;;;;;;;;;;;;;;;;;;;;;;;;;;;
;;;;;;;;;;;;;;;;;;;;;;;;;;;;;;;;;;;;
;;;;;;;;;;;;;;;;;;;;;;;;;;;;;;;;;;;;
;;;;;;;;;;;;;;;;;;;;;;;;;;;;;;;;;;;;
;;;;;;;;;;;;;;;;;;;;;;;;;;;;;;;;;;;;
;;;;;;;;;;;;;;;;;;;;;;;;;;;;;;;;;;;;
;;;;;;;;;;;;;;;;;;;;;;;;;;;;;;;;;;;;
;;;;;;;;;;;;;;;;;;;;;;;;;;;;;;;;;;;;
;;;;;;;;;;;;;;;;;;;;;;;;;;;;;;;;;;;;
;;;;;;;;;;;;;;;;;;;;;;;;;;;;;;;;;;;;
;;;;;;;;;;;;;;;;;;;;;;;;;;;;;;;;;;;;
;;;;;;;;;;;;;;;;;;;;;;;;;;;;;;;;;;;;
;;;;;;;;;;;;;;;;;;;;;;;;;;;;;;;;;;;;
;;;;;;;;;;;;;;;;;;;;;;;;;;;;;;;;;;;;
;;;;;;;;;;;;;;;;;;;;;;;;;;;;;;;;;;;;
;;;;;;;;;;;;;;;;;;;;;;;;;;;;;;;;;;;;
;;;;;;;;;;;;;;;;;;;;;;;;;;;;;;;;;;;;
;;;;;;;;;;;;;;;;;;;;;;;;;;;;;;;;;;;;
;;;;;;;;;;;;;;;;;;;;;;;;;;;;;;;;;;;;
;;;;;;;;;;;;;;;;;;;;;;;;;;;;;;;;;;;;
;;;;;;;;;;;;;;;;;;;;;;;;;;;;;;;;;;;;
;;;;;;;;;;;;;;;;;;;;;;;;;;;;;;;;;;;;
;;;;;;;;;;;;;;;;;;;;;;;;;;;;;;;;;;;;
;;;;;;;;;;;;;;;;;;;;;;;;;;;;;;;;;;;;
;;;;;;;;;;;;;;;;;;;;;;;;;;;;;;;;;;;;
;;;;;;;;;;;;;;;;;;;;;;;;;;;;;;;;;;;;
;;;;;;;;;;;;;;;;;;;;;;;;;;;;;;;;;;;;
;;;;;;;;;;;;;;;;;;;;;;;;;;;;;;;;;;;;
;;;;;;;;;;;;;;;;;;;;;;;;;;;;;;;;;;;;
;;;;;;;;;;;;;;;;;;;;;;;;;;;;;;;;;;;;
;;;;;;;;;;;;;;;;;;;;;;;;;;;;;;;;;;;;
;;;;;;;;;;;;;;;;;;;;;;;;;;;;;;;;;;;;
;;;;;;;;;;;;;;;;;;;;;;;;;;;;;;;;;;;;
;;;;;;;;;;;;;;;;;;;;;;;;;;;;;;;;;;;;
;;;;;;;;;;;;;;;;;;;;;;;;;;;;;;;;;;;;
;;;;;;;;;;;;;;;;;;;;;;;;;;;;;;;;;;;;
;;;;;;;;;;;;;;;;;;;;;;;;;;;;;;;;;;;;
;;;;;;;;;;;;;;;;;;;;;;;;;;;;;;;;;;;;
;;;;;;;;;;;;;;;;;;;;;;;;;;;;;;;;;;;;
;;;;;;;;;;;;;;;;;;;;;;;;;;;;;;;;;;;;
;;;;;;;;;;;;;;;;;;;;;;;;;;;;;;;;;;;;
;;;;;;;;;;;;;;;;;;;;;;;;;;;;;;;;;;;;
;;;;;;;;;;;;;;;;;;;;;;;;;;;;;;;;;;;;
;;;;;;;;;;;;;;;;;;;;;;;;;;;;;;;;;;;;
;;;;;;;;;;;;;;;;;;;;;;;;;;;;;;;;;;;;
;;;;;;;;;;;;;;;;;;;;;;;;;;;;;;;;;;;;
;;;;;;;;;;;;;;;;;;;;;;;;;;;;;;;;;;;;
;;;;;;;;;;;;;;;;;;;;;;;;;;;;;;;;;;;;
;;;;;;;;;;;;;;;;;;;;;;;;;;;;;;;;;;;;
;;;;;;;;;;;;;;;;;;;;;;;;;;;;;;;;;;;;
;;;;;;;;;;;;;;;;;;;;;;;;;;;;;;;;;;;;
;;;;;;;;;;;;;;;;;;;;;;;;;;;;;;;;;;;;
;;;;;;;;;;;;;;;;;;;;;;;;;;;;;;;;;;;;
;;;;;;;;;;;;;;;;;;;;;;;;;;;;;;;;;;;;
;;;;;;;;;;;;;;;;;;;;;;;;;;;;;;;;;;;;
;;;;;;;;;;;;;;;;;;;;;;;;;;;;;;;;;;;;
;;;;;;;;;;;;;;;;;;;;;;;;;;;;;;;;;;;;
;;;;;;;;;;;;;;;;;;;;;;;;;;;;;;;;;;;;
;;;;;;;;;;;;;;;;;;;;;;;;;;;;;;;;;;;;
;;;;;;;;;;;;;;;;;;;;;;;;;;;;;;;;;;;;
;;;;;;;;;;;;;;;;;;;;;;;;;;;;;;;;;;;;
;;;;;;;;;;;;;;;;;;;;;;;;;;;;;;;;;;;;
;;;;;;;;;;;;;;;;;;;;;;;;;;;;;;;;;;;;
;;;;;;;;;;;;;;;;;;;;;;;;;;;;;;;;;;;;
;;;;;;;;;;;;;;;;;;;;;;;;;;;;;;;;;;;;
;;;;;;;;;;;;;;;;;;;;;;;;;;;;;;;;;;;;
;;;;;;;;;;;;;;;;;;;;;;;;;;;;;;;;;;;;
;;;;;;;;;;;;;;;;;;;;;;;;;;;;;;;;;;;;
;;;;;;;;;;;;;;;;;;;;;;;;;;;;;;;;;;;;
;;;;;;;;;;;;;;;;;;;;;;;;;;;;;;;;;;;;
;;;;;;;;;;;;;;;;;;;;;;;;;;;;;;;;;;;;
;;;;;;;;;;;;;;;;;;;;;;;;;;;;;;;;;;;;
;;;;;;;;;;;;;;;;;;;;;;;;;;;;;;;;;;;;
;;;;;;;;;;;;;;;;;;;;;;;;;;;;;;;;;;;;
;;;;;;;;;;;;;;;;;;;;;;;;;;;;;;;;;;;;
;;;;;;;;;;;;;;;;;;;;;;;;;;;;;;;;;;;;
;;;;;;;;;;;;;;;;;;;;;;;;;;;;;;;;;;;;
;;;;;;;;;;;;;;;;;;;;;;;;;;;;;;;;;;;;
;;;;;;;;;;;;;;;;;;;;;;;;;;;;;;;;;;;;
;;;;;;;;;;;;;;;;;;;;;;;;;;;;;;;;;;;;
;;;;;;;;;;;;;;;;;;;;;;;;;;;;;;;;;;;;
;;;;;;;;;;;;;;;;;;;;;;;;;;;;;;;;;;;;
;;;;;;;;;;;;;;;;;;;;;;;;;;;;;;;;;;;;
;;;;;;;;;;;;;;;;;;;;;;;;;;;;;;;;;;;;
;;;;;;;;;;;;;;;;;;;;;;;;;;;;;;;;;;;;
;;;;;;;;;;;;;;;;;;;;;;;;;;;;;;;;;;;;
;;;;;;;;;;;;;;;;;;;;;;;;;;;;;;;;;;;;
;;;;;;;;;;;;;;;;;;;;;;;;;;;;;;;;;;;;
;;;;;;;;;;;;;;;;;;;;;;;;;;;;;;;;;;;;
;;;;;;;;;;;;;;;;;;;;;;;;;;;;;;;;;;;;
;;;;;;;;;;;;;;;;;;;;;;;;;;;;;;;;;;;;
;;;;;;;;;;;;;;;;;;;;;;;;;;;;;;;;;;;;
;;;;;;;;;;;;;;;;;;;;;;;;;;;;;;;;;;;;
;;;;;;;;;;;;;;;;;;;;;;;;;;;;;;;;;;;;
;;;;;;;;;;;;;;;;;;;;;;;;;;;;;;;;;;;;
;;;;;;;;;;;;;;;;;;;;;;;;;;;;;;;;;;;;
;;;;;;;;;;;;;;;;;;;;;;;;;;;;;;;;;;;;
;;;;;;;;;;;;;;;;;;;;;;;;;;;;;;;;;;;;
;;;;;;;;;;;;;;;;;;;;;;;;;;;;;;;;;;;;
;;;;;;;;;;;;;;;;;;;;;;;;;;;;;;;;;;;;
;;;;;;;;;;;;;;;;;;;;;;;;;;;;;;;;;;;;
;;;;;;;;;;;;;;;;;;;;;;;;;;;;;;;;;;;;
;;;;;;;;;;;;;;;;;;;;;;;;;;;;;;;;;;;;
;;;;;;;;;;;;;;;;;;;;;;;;;;;;;;;;;;;;
;;;;;;;;;;;;;;;;;;;;;;;;;;;;;;;;;;;;
;;;;;;;;;;;;;;;;;;;;;;;;;;;;;;;;;;;;
;;;;;;;;;;;;;;;;;;;;;;;;;;;;;;;;;;;;
;;;;;;;;;;;;;;;;;;;;;;;;;;;;;;;;;;;;
;;;;;;;;;;;;;;;;;;;;;;;;;;;;;;;;;;;;
;;;;;;;;;;;;;;;;;;;;;;;;;;;;;;;;;;;;
;;;;;;;;;;;;;;;;;;;;;;;;;;;;;;;;;;;;
;;;;;;;;;;;;;;;;;;;;;;;;;;;;;;;;;;;;
;;;;;;;;;;;;;;;;;;;;;;;;;;;;;;;;;;;;
;;;;;;;;;;;;;;;;;;;;;;;;;;;;;;;;;;;;
;;;;;;;;;;;;;;;;;;;;;;;;;;;;;;;;;;;;
;;;;;;;;;;;;;;;;;;;;;;;;;;;;;;;;;;;;
;;;;;;;;;;;;;;;;;;;;;;;;;;;;;;;;;;;;
;;;;;;;;;;;;;;;;;;;;;;;;;;;;;;;;;;;;
;;;;;;;;;;;;;;;;;;;;;;;;;;;;;;;;;;;;
;;;;;;;;;;;;;;;;;;;;;;;;;;;;;;;;;;;;
;;;;;;;;;;;;;;;;;;;;;;;;;;;;;;;;;;;;
;;;;;;;;;;;;;;;;;;;;;;;;;;;;;;;;;;;;
;;;;;;;;;;;;;;;;;;;;;;;;;;;;;;;;;;;;
;;;;;;;;;;;;;;;;;;;;;;;;;;;;;;;;;;;;
;;;;;;;;;;;;;;;;;;;;;;;;;;;;;;;;;;;;
;;;;;;;;;;;;;;;;;;;;;;;;;;;;;;;;;;;;
;;;;;;;;;;;;;;;;;;;;;;;;;;;;;;;;;;;;
;;;;;;;;;;;;;;;;;;;;;;;;;;;;;;;;;;;;
;;;;;;;;;;;;;;;;;;;;;;;;;;;;;;;;;;;;
;;;;;;;;;;;;;;;;;;;;;;;;;;;;;;;;;;;;
;;;;;;;;;;;;;;;;;;;;;;;;;;;;;;;;;;;;
;;;;;;;;;;;;;;;;;;;;;;;;;;;;;;;;;;;;
;;;;;;;;;;;;;;;;;;;;;;;;;;;;;;;;;;;;
;;;;;;;;;;;;;;;;;;;;;;;;;;;;;;;;;;;;
;;;;;;;;;;;;;;;;;;;;;;;;;;;;;;;;;;;;
;;;;;;;;;;;;;;;;;;;;;;;;;;;;;;;;;;;;
;;;;;;;;;;;;;;;;;;;;;;;;;;;;;;;;;;;;
;;;;;;;;;;;;;;;;;;;;;;;;;;;;;;;;;;;;
;;;;;;;;;;;;;;;;;;;;;;;;;;;;;;;;;;;;
;;;;;;;;;;;;;;;;;;;;;;;;;;;;;;;;;;;;
;;;;;;;;;;;;;;;;;;;;;;;;;;;;;;;;;;;;
;;;;;;;;;;;;;;;;;;;;;;;;;;;;;;;;;;;;
;;;;;;;;;;;;;;;;;;;;;;;;;;;;;;;;;;;;
;;;;;;;;;;;;;;;;;;;;;;;;;;;;;;;;;;;;
;;;;;;;;;;;;;;;;;;;;;;;;;;;;;;;;;;;;
;;;;;;;;;;;;;;;;;;;;;;;;;;;;;;;;;;;;
;;;;;;;;;;;;;;;;;;;;;;;;;;;;;;;;;;;;
;;;;;;;;;;;;;;;;;;;;;;;;;;;;;;;;;;;;
;;;;;;;;;;;;;;;;;;;;;;;;;;;;;;;;;;;;
;;;;;;;;;;;;;;;;;;;;;;;;;;;;;;;;;;;;
;;;;;;;;;;;;;;;;;;;;;;;;;;;;;;;;;;;;
;;;;;;;;;;;;;;;;;;;;;;;;;;;;;;;;;;;;
;;;;;;;;;;;;;;;;;;;;;;;;;;;;;;;;;;;;
;;;;;;;;;;;;;;;;;;;;;;;;;;;;;;;;;;;;
;;;;;;;;;;;;;;;;;;;;;;;;;;;;;;;;;;;;
;;;;;;;;;;;;;;;;;;;;;;;;;;;;;;;;;;;;
;;;;;;;;;;;;;;;;;;;;;;;;;;;;;;;;;;;;
;;;;;;;;;;;;;;;;;;;;;;;;;;;;;;;;;;;;
;;;;;;;;;;;;;;;;;;;;;;;;;;;;;;;;;;;;
;;;;;;;;;;;;;;;;;;;;;;;;;;;;;;;;;;;;
;;;;;;;;;;;;;;;;;;;;;;;;;;;;;;;;;;;;
;;;;;;;;;;;;;;;;;;;;;;;;;;;;;;;;;;;;
;;;;;;;;;;;;;;;;;;;;;;;;;;;;;;;;;;;;
;;;;;;;;;;;;;;;;;;;;;;;;;;;;;;;;;;;;
;;;;;;;;;;;;;;;;;;;;;;;;;;;;;;;;;;;;
;;;;;;;;;;;;;;;;;;;;;;;;;;;;;;;;;;;;
;;;;;;;;;;;;;;;;;;;;;;;;;;;;;;;;;;;;
;;;;;;;;;;;;;;;;;;;;;;;;;;;;;;;;;;;;
;;;;;;;;;;;;;;;;;;;;;;;;;;;;;;;;;;;;
;;;;;;;;;;;;;;;;;;;;;;;;;;;;;;;;;;;;
;;;;;;;;;;;;;;;;;;;;;;;;;;;;;;;;;;;;
;;;;;;;;;;;;;;;;;;;;;;;;;;;;;;;;;;;;
;;;;;;;;;;;;;;;;;;;;;;;;;;;;;;;;;;;;
;;;;;;;;;;;;;;;;;;;;;;;;;;;;;;;;;;;;
;;;;;;;;;;;;;;;;;;;;;;;;;;;;;;;;;;;;
;;;;;;;;;;;;;;;;;;;;;;;;;;;;;;;;;;;;
;;;;;;;;;;;;;;;;;;;;;;;;;;;;;;;;;;;;
;;;;;;;;;;;;;;;;;;;;;;;;;;;;;;;;;;;;
;;;;;;;;;;;;;;;;;;;;;;;;;;;;;;;;;;;;
;;;;;;;;;;;;;;;;;;;;;;;;;;;;;;;;;;;;
;;;;;;;;;;;;;;;;;;;;;;;;;;;;;;;;;;;;
;;;;;;;;;;;;;;;;;;;;;;;;;;;;;;;;;;;;
;;;;;;;;;;;;;;;;;;;;;;;;;;;;;;;;;;;;
;;;;;;;;;;;;;;;;;;;;;;;;;;;;;;;;;;;;
;;;;;;;;;;;;;;;;;;;;;;;;;;;;;;;;;;;;
;;;;;;;;;;;;;;;;;;;;;;;;;;;;;;;;;;;;
;;;;;;;;;;;;;;;;;;;;;;;;;;;;;;;;;;;;
;;;;;;;;;;;;;;;;;;;;;;;;;;;;;;;;;;;;
;;;;;;;;;;;;;;;;;;;;;;;;;;;;;;;;;;;;
;;;;;;;;;;;;;;;;;;;;;;;;;;;;;;;;;;;;
;;;;;;;;;;;;;;;;;;;;;;;;;;;;;;;;;;;;
;;;;;;;;;;;;;;;;;;;;;;;;;;;;;;;;;;;;
;;;;;;;;;;;;;;;;;;;;;;;;;;;;;;;;;;;;
;;;;;;;;;;;;;;;;;;;;;;;;;;;;;;;;;;;;
;;;;;;;;;;;;;;;;;;;;;;;;;;;;;;;;;;;;
;;;;;;;;;;;;;;;;;;;;;;;;;;;;;;;;;;;;
;;;;;;;;;;;;;;;;;;;;;;;;;;;;;;;;;;;;
;;;;;;;;;;;;;;;;;;;;;;;;;;;;;;;;;;;;
;;;;;;;;;;;;;;;;;;;;;;;;;;;;;;;;;;;;
;;;;;;;;;;;;;;;;;;;;;;;;;;;;;;;;;;;;
;;;;;;;;;;;;;;;;;;;;;;;;;;;;;;;;;;;;
;;;;;;;;;;;;;;;;;;;;;;;;;;;;;;;;;;;;
;;;;;;;;;;;;;;;;;;;;;;;;;;;;;;;;;;;;
;;;;;;;;;;;;;;;;;;;;;;;;;;;;;;;;;;;;
;;;;;;;;;;;;;;;;;;;;;;;;;;;;;;;;;;;;
;;;;;;;;;;;;;;;;;;;;;;;;;;;;;;;;;;;;
;;;;;;;;;;;;;;;;;;;;;;;;;;;;;;;;;;;;
;;;;;;;;;;;;;;;;;;;;;;;;;;;;;;;;;;;;
;;;;;;;;;;;;;;;;;;;;;;;;;;;;;;;;;;;;
;;;;;;;;;;;;;;;;;;;;;;;;;;;;;;;;;;;;
;;;;;;;;;;;;;;;;;;;;;;;;;;;;;;;;;;;;
;;;;;;;;;;;;;;;;;;;;;;;;;;;;;;;;;;;;
;;;;;;;;;;;;;;;;;;;;;;;;;;;;;;;;;;;;
;;;;;;;;;;;;;;;;;;;;;;;;;;;;;;;;;;;;
;;;;;;;;;;;;;;;;;;;;;;;;;;;;;;;;;;;;
;;;;;;;;;;;;;;;;;;;;;;;;;;;;;;;;;;;;
;;;;;;;;;;;;;;;;;;;;;;;;;;;;;;;;;;;;
;;;;;;;;;;;;;;;;;;;;;;;;;;;;;;;;;;;;
;;;;;;;;;;;;;;;;;;;;;;;;;;;;;;;;;;;;
;;;;;;;;;;;;;;;;;;;;;;;;;;;;;;;;;;;;
;;;;;;;;;;;;;;;;;;;;;;;;;;;;;;;;;;;;
;;;;;;;;;;;;;;;;;;;;;;;;;;;;;;;;;;;;
;;;;;;;;;;;;;;;;;;;;;;;;;;;;;;;;;;;;
;;;;;;;;;;;;;;;;;;;;;;;;;;;;;;;;;;;;
;;;;;;;;;;;;;;;;;;;;;;;;;;;;;;;;;;;;
;;;;;;;;;;;;;;;;;;;;;;;;;;;;;;;;;;;;
;;;;;;;;;;;;;;;;;;;;;;;;;;;;;;;;;;;;
;;;;;;;;;;;;;;;;;;;;;;;;;;;;;;;;;;;;
;;;;;;;;;;;;;;;;;;;;;;;;;;;;;;;;;;;;
;;;;;;;;;;;;;;;;;;;;;;;;;;;;;;;;;;;;
;;;;;;;;;;;;;;;;;;;;;;;;;;;;;;;;;;;;
;;;;;;;;;;;;;;;;;;;;;;;;;;;;;;;;;;;;
;;;;;;;;;;;;;;;;;;;;;;;;;;;;;;;;;;;;
;;;;;;;;;;;;;;;;;;;;;;;;;;;;;;;;;;;;
;;;;;;;;;;;;;;;;;;;;;;;;;;;;;;;;;;;;
;;;;;;;;;;;;;;;;;;;;;;;;;;;;;;;;;;;;
;;;;;;;;;;;;;;;;;;;;;;;;;;;;;;;;;;;;
;;;;;;;;;;;;;;;;;;;;;;;;;;;;;;;;;;;;
;;;;;;;;;;;;;;;;;;;;;;;;;;;;;;;;;;;;
;;;;;;;;;;;;;;;;;;;;;;;;;;;;;;;;;;;;
;;;;;;;;;;;;;;;;;;;;;;;;;;;;;;;;;;;;
;;;;;;;;;;;;;;;;;;;;;;;;;;;;;;;;;;;;
;;;;;;;;;;;;;;;;;;;;;;;;;;;;;;;;;;;;
;;;;;;;;;;;;;;;;;;;;;;;;;;;;;;;;;;;;
;;;;;;;;;;;;;;;;;;;;;;;;;;;;;;;;;;;;
;;;;;;;;;;;;;;;;;;;;;;;;;;;;;;;;;;;;
;;;;;;;;;;;;;;;;;;;;;;;;;;;;;;;;;;;;
;;;;;;;;;;;;;;;;;;;;;;;;;;;;;;;;;;;;
;;;;;;;;;;;;;;;;;;;;;;;;;;;;;;;;;;;;
;;;;;;;;;;;;;;;;;;;;;;;;;;;;;;;;;;;;
;;;;;;;;;;;;;;;;;;;;;;;;;;;;;;;;;;;;
;;;;;;;;;;;;;;;;;;;;;;;;;;;;;;;;;;;;
;;;;;;;;;;;;;;;;;;;;;;;;;;;;;;;;;;;;
;;;;;;;;;;;;;;;;;;;;;;;;;;;;;;;;;;;;
;;;;;;;;;;;;;;;;;;;;;;;;;;;;;;;;;;;;
;;;;;;;;;;;;;;;;;;;;;;;;;;;;;;;;;;;;
;;;;;;;;;;;;;;;;;;;;;;;;;;;;;;;;;;;;
;;;;;;;;;;;;;;;;;;;;;;;;;;;;;;;;;;;;
;;;;;;;;;;;;;;;;;;;;;;;;;;;;;;;;;;;;
;;;;;;;;;;;;;;;;;;;;;;;;;;;;;;;;;;;;
;;;;;;;;;;;;;;;;;;;;;;;;;;;;;;;;;;;;
;;;;;;;;;;;;;;;;;;;;;;;;;;;;;;;;;;;;
;;;;;;;;;;;;;;;;;;;;;;;;;;;;;;;;;;;;
;;;;;;;;;;;;;;;;;;;;;;;;;;;;;;;;;;;;
;;;;;;;;;;;;;;;;;;;;;;;;;;;;;;;;;;;;
;;;;;;;;;;;;;;;;;;;;;;;;;;;;;;;;;;;;
;;;;;;;;;;;;;;;;;;;;;;;;;;;;;;;;;;;;
;;;;;;;;;;;;;;;;;;;;;;;;;;;;;;;;;;;;
;;;;;;;;;;;;;;;;;;;;;;;;;;;;;;;;;;;;
;;;;;;;;;;;;;;;;;;;;;;;;;;;;;;;;;;;;
;;;;;;;;;;;;;;;;;;;;;;;;;;;;;;;;;;;;
;;;;;;;;;;;;;;;;;;;;;;;;;;;;;;;;;;;;
;;;;;;;;;;;;;;;;;;;;;;;;;;;;;;;;;;;;
;;;;;;;;;;;;;;;;;;;;;;;;;;;;;;;;;;;;
;;;;;;;;;;;;;;;;;;;;;;;;;;;;;;;;;;;;
;;;;;;;;;;;;;;;;;;;;;;;;;;;;;;;;;;;;
;;;;;;;;;;;;;;;;;;;;;;;;;;;;;;;;;;;;
;;;;;;;;;;;;;;;;;;;;;;;;;;;;;;;;;;;;
;;;;;;;;;;;;;;;;;;;;;;;;;;;;;;;;;;;;
;;;;;;;;;;;;;;;;;;;;;;;;;;;;;;;;;;;;
;;;;;;;;;;;;;;;;;;;;;;;;;;;;;;;;;;;;
;;;;;;;;;;;;;;;;;;;;;;;;;;;;;;;;;;;;
;;;;;;;;;;;;;;;;;;;;;;;;;;;;;;;;;;;;
;;;;;;;;;;;;;;;;;;;;;;;;;;;;;;;;;;;;
;;;;;;;;;;;;;;;;;;;;;;;;;;;;;;;;;;;;
;;;;;;;;;;;;;;;;;;;;;;;;;;;;;;;;;;;;
;;;;;;;;;;;;;;;;;;;;;;;;;;;;;;;;;;;;
;;;;;;;;;;;;;;;;;;;;;;;;;;;;;;;;;;;;
;;;;;;;;;;;;;;;;;;;;;;;;;;;;;;;;;;;;
;;;;;;;;;;;;;;;;;;;;;;;;;;;;;;;;;;;;
;;;;;;;;;;;;;;;;;;;;;;;;;;;;;;;;;;;;
;;;;;;;;;;;;;;;;;;;;;;;;;;;;;;;;;;;;
;;;;;;;;;;;;;;;;;;;;;;;;;;;;;;;;;;;;
;;;;;;;;;;;;;;;;;;;;;;;;;;;;;;;;;;;;
;;;;;;;;;;;;;;;;;;;;;;;;;;;;;;;;;;;;
;;;;;;;;;;;;;;;;;;;;;;;;;;;;;;;;;;;;
;;;;;;;;;;;;;;;;;;;;;;;;;;;;;;;;;;;;
;;;;;;;;;;;;;;;;;;;;;;;;;;;;;;;;;;;;
;;;;;;;;;;;;;;;;;;;;;;;;;;;;;;;;;;;;
;;;;;;;;;;;;;;;;;;;;;;;;;;;;;;;;;;;;
;;;;;;;;;;;;;;;;;;;;;;;;;;;;;;;;;;;;
;;;;;;;;;;;;;;;;;;;;;;;;;;;;;;;;;;;;
;;;;;;;;;;;;;;;;;;;;;;;;;;;;;;;;;;;;
;;;;;;;;;;;;;;;;;;;;;;;;;;;;;;;;;;;;
;;;;;;;;;;;;;;;;;;;;;;;;;;;;;;;;;;;;
;;;;;;;;;;;;;;;;;;;;;;;;;;;;;;;;;;;;
;;;;;;;;;;;;;;;;;;;;;;;;;;;;;;;;;;;;
;;;;;;;;;;;;;;;;;;;;;;;;;;;;;;;;;;;;
;;;;;;;;;;;;;;;;;;;;;;;;;;;;;;;;;;;;
;;;;;;;;;;;;;;;;;;;;;;;;;;;;;;;;;;;;
;;;;;;;;;;;;;;;;;;;;;;;;;;;;;;;;;;;;
;;;;;;;;;;;;;;;;;;;;;;;;;;;;;;;;;;;;
;;;;;;;;;;;;;;;;;;;;;;;;;;;;;;;;;;;;
;;;;;;;;;;;;;;;;;;;;;;;;;;;;;;;;;;;;
;;;;;;;;;;;;;;;;;;;;;;;;;;;;;;;;;;;;
;;;;;;;;;;;;;;;;;;;;;;;;;;;;;;;;;;;;
;;;;;;;;;;;;;;;;;;;;;;;;;;;;;;;;;;;;
;;;;;;;;;;;;;;;;;;;;;;;;;;;;;;;;;;;;
;;;;;;;;;;;;;;;;;;;;;;;;;;;;;;;;;;;;
;;;;;;;;;;;;;;;;;;;;;;;;;;;;;;;;;;;;
;;;;;;;;;;;;;;;;;;;;;;;;;;;;;;;;;;;;
;;;;;;;;;;;;;;;;;;;;;;;;;;;;;;;;;;;;
;;;;;;;;;;;;;;;;;;;;;;;;;;;;;;;;;;;;
;;;;;;;;;;;;;;;;;;;;;;;;;;;;;;;;;;;;
;;;;;;;;;;;;;;;;;;;;;;;;;;;;;;;;;;;;
;;;;;;;;;;;;;;;;;;;;;;;;;;;;;;;;;;;;
;;;;;;;;;;;;;;;;;;;;;;;;;;;;;;;;;;;;
;;;;;;;;;;;;;;;;;;;;;;;;;;;;;;;;;;;;
;;;;;;;;;;;;;;;;;;;;;;;;;;;;;;;;;;;;
;;;;;;;;;;;;;;;;;;;;;;;;;;;;;;;;;;;;
;;;;;;;;;;;;;;;;;;;;;;;;;;;;;;;;;;;;
;;;;;;;;;;;;;;;;;;;;;;;;;;;;;;;;;;;;
;;;;;;;;;;;;;;;;;;;;;;;;;;;;;;;;;;;;
;;;;;;;;;;;;;;;;;;;;;;;;;;;;;;;;;;;;
;;;;;;;;;;;;;;;;;;;;;;;;;;;;;;;;;;;;
;;;;;;;;;;;;;;;;;;;;;;;;;;;;;;;;;;;;
;;;;;;;;;;;;;;;;;;;;;;;;;;;;;;;;;;;;
;;;;;;;;;;;;;;;;;;;;;;;;;;;;;;;;;;;;
;;;;;;;;;;;;;;;;;;;;;;;;;;;;;;;;;;;;
;;;;;;;;;;;;;;;;;;;;;;;;;;;;;;;;;;;;
;;;;;;;;;;;;;;;;;;;;;;;;;;;;;;;;;;;;
;;;;;;;;;;;;;;;;;;;;;;;;;;;;;;;;;;;;
;;;;;;;;;;;;;;;;;;;;;;;;;;;;;;;;;;;;
;;;;;;;;;;;;;;;;;;;;;;;;;;;;;;;;;;;;
;;;;;;;;;;;;;;;;;;;;;;;;;;;;;;;;;;;;
;;;;;;;;;;;;;;;;;;;;;;;;;;;;;;;;;;;;
;;;;;;;;;;;;;;;;;;;;;;;;;;;;;;;;;;;;
;;;;;;;;;;;;;;;;;;;;;;;;;;;;;;;;;;;;
;;;;;;;;;;;;;;;;;;;;;;;;;;;;;;;;;;;;
;;;;;;;;;;;;;;;;;;;;;;;;;;;;;;;;;;;;
;;;;;;;;;;;;;;;;;;;;;;;;;;;;;;;;;;;;
;;;;;;;;;;;;;;;;;;;;;;;;;;;;;;;;;;;;
;;;;;;;;;;;;;;;;;;;;;;;;;;;;;;;;;;;;
;;;;;;;;;;;;;;;;;;;;;;;;;;;;;;;;;;;;
;;;;;;;;;;;;;;;;;;;;;;;;;;;;;;;;;;;;
;;;;;;;;;;;;;;;;;;;;;;;;;;;;;;;;;;;;
;;;;;;;;;;;;;;;;;;;;;;;;;;;;;;;;;;;;
;;;;;;;;;;;;;;;;;;;;;;;;;;;;;;;;;;;;
;;;;;;;;;;;;;;;;;;;;;;;;;;;;;;;;;;;;
;;;;;;;;;;;;;;;;;;;;;;;;;;;;;;;;;;;;
;;;;;;;;;;;;;;;;;;;;;;;;;;;;;;;;;;;;
;;;;;;;;;;;;;;;;;;;;;;;;;;;;;;;;;;;;
;;;;;;;;;;;;;;;;;;;;;;;;;;;;;;;;;;;;
;;;;;;;;;;;;;;;;;;;;;;;;;;;;;;;;;;;;
;;;;;;;;;;;;;;;;;;;;;;;;;;;;;;;;;;;;
;;;;;;;;;;;;;;;;;;;;;;;;;;;;;;;;;;;;
;;;;;;;;;;;;;;;;;;;;;;;;;;;;;;;;;;;;
;;;;;;;;;;;;;;;;;;;;;;;;;;;;;;;;;;;;
;;;;;;;;;;;;;;;;;;;;;;;;;;;;;;;;;;;;
;;;;;;;;;;;;;;;;;;;;;;;;;;;;;;;;;;;;
;;;;;;;;;;;;;;;;;;;;;;;;;;;;;;;;;;;;
;;;;;;;;;;;;;;;;;;;;;;;;;;;;;;;;;;;;
;;;;;;;;;;;;;;;;;;;;;;;;;;;;;;;;;;;;
;;;;;;;;;;;;;;;;;;;;;;;;;;;;;;;;;;;;
;;;;;;;;;;;;;;;;;;;;;;;;;;;;;;;;;;;;
;;;;;;;;;;;;;;;;;;;;;;;;;;;;;;;;;;;;
;;;;;;;;;;;;;;;;;;;;;;;;;;;;;;;;;;;;
;;;;;;;;;;;;;;;;;;;;;;;;;;;;;;;;;;;;
;;;;;;;;;;;;;;;;;;;;;;;;;;;;;;;;;;;;
;;;;;;;;;;;;;;;;;;;;;;;;;;;;;;;;;;;;
;;;;;;;;;;;;;;;;;;;;;;;;;;;;;;;;;;;;
;;;;;;;;;;;;;;;;;;;;;;;;;;;;;;;;;;;;
;;;;;;;;;;;;;;;;;;;;;;;;;;;;;;;;;;;;
;;;;;;;;;;;;;;;;;;;;;;;;;;;;;;;;;;;;
;;;;;;;;;;;;;;;;;;;;;;;;;;;;;;;;;;;;
;;;;;;;;;;;;;;;;;;;;;;;;;;;;;;;;;;;;
;;;;;;;;;;;;;;;;;;;;;;;;;;;;;;;;;;;;
;;;;;;;;;;;;;;;;;;;;;;;;;;;;;;;;;;;;
;;;;;;;;;;;;;;;;;;;;;;;;;;;;;;;;;;;;
;;;;;;;;;;;;;;;;;;;;;;;;;;;;;;;;;;;;
;;;;;;;;;;;;;;;;;;;;;;;;;;;;;;;;;;;;
;;;;;;;;;;;;;;;;;;;;;;;;;;;;;;;;;;;;
;;;;;;;;;;;;;;;;;;;;;;;;;;;;;;;;;;;;
;;;;;;;;;;;;;;;;;;;;;;;;;;;;;;;;;;;;
;;;;;;;;;;;;;;;;;;;;;;;;;;;;;;;;;;;;
;;;;;;;;;;;;;;;;;;;;;;;;;;;;;;;;;;;;
;;;;;;;;;;;;;;;;;;;;;;;;;;;;;;;;;;;;
;;;;;;;;;;;;;;;;;;;;;;;;;;;;;;;;;;;;
;;;;;;;;;;;;;;;;;;;;;;;;;;;;;;;;;;;;
;;;;;;;;;;;;;;;;;;;;;;;;;;;;;;;;;;;;
;;;;;;;;;;;;;;;;;;;;;;;;;;;;;;;;;;;;
;;;;;;;;;;;;;;;;;;;;;;;;;;;;;;;;;;;;
;;;;;;;;;;;;;;;;;;;;;;;;;;;;;;;;;;;;
;;;;;;;;;;;;;;;;;;;;;;;;;;;;;;;;;;;;
;;;;;;;;;;;;;;;;;;;;;;;;;;;;;;;;;;;;
;;;;;;;;;;;;;;;;;;;;;;;;;;;;;;;;;;;;
;;;;;;;;;;;;;;;;;;;;;;;;;;;;;;;;;;;;
;;;;;;;;;;;;;;;;;;;;;;;;;;;;;;;;;;;;
;;;;;;;;;;;;;;;;;;;;;;;;;;;;;;;;;;;;
;;;;;;;;;;;;;;;;;;;;;;;;;;;;;;;;;;;;
;;;;;;;;;;;;;;;;;;;;;;;;;;;;;;;;;;;;
;;;;;;;;;;;;;;;;;;;;;;;;;;;;;;;;;;;;
;;;;;;;;;;;;;;;;;;;;;;;;;;;;;;;;;;;;
;;;;;;;;;;;;;;;;;;;;;;;;;;;;;;;;;;;;
;;;;;;;;;;;;;;;;;;;;;;;;;;;;;;;;;;;;
;;;;;;;;;;;;;;;;;;;;;;;;;;;;;;;;;;;;
;;;;;;;;;;;;;;;;;;;;;;;;;;;;;;;;;;;;
;;;;;;;;;;;;;;;;;;;;;;;;;;;;;;;;;;;;
;;;;;;;;;;;;;;;;;;;;;;;;;;;;;;;;;;;;
;;;;;;;;;;;;;;;;;;;;;;;;;;;;;;;;;;;;
;;;;;;;;;;;;;;;;;;;;;;;;;;;;;;;;;;;;
;;;;;;;;;;;;;;;;;;;;;;;;;;;;;;;;;;;;
;;;;;;;;;;;;;;;;;;;;;;;;;;;;;;;;;;;;
;;;;;;;;;;;;;;;;;;;;;;;;;;;;;;;;;;;;
;;;;;;;;;;;;;;;;;;;;;;;;;;;;;;;;;;;;
;;;;;;;;;;;;;;;;;;;;;;;;;;;;;;;;;;;;
;;;;;;;;;;;;;;;;;;;;;;;;;;;;;;;;;;;;
;;;;;;;;;;;;;;;;;;;;;;;;;;;;;;;;;;;;
;;;;;;;;;;;;;;;;;;;;;;;;;;;;;;;;;;;;
;;;;;;;;;;;;;;;;;;;;;;;;;;;;;;;;;;;;
;;;;;;;;;;;;;;;;;;;;;;;;;;;;;;;;;;;;
;;;;;;;;;;;;;;;;;;;;;;;;;;;;;;;;;;;;
;;;;;;;;;;;;;;;;;;;;;;;;;;;;;;;;;;;;
;;;;;;;;;;;;;;;;;;;;;;;;;;;;;;;;;;;;
;;;;;;;;;;;;;;;;;;;;;;;;;;;;;;;;;;;;
;;;;;;;;;;;;;;;;;;;;;;;;;;;;;;;;;;;;
;;;;;;;;;;;;;;;;;;;;;;;;;;;;;;;;;;;;
;;;;;;;;;;;;;;;;;;;;;;;;;;;;;;;;;;;;
;;;;;;;;;;;;;;;;;;;;;;;;;;;;;;;;;;;;
;;;;;;;;;;;;;;;;;;;;;;;;;;;;;;;;;;;;
;;;;;;;;;;;;;;;;;;;;;;;;;;;;;;;;;;;;
;;;;;;;;;;;;;;;;;;;;;;;;;;;;;;;;;;;;
;;;;;;;;;;;;;;;;;;;;;;;;;;;;;;;;;;;;
;;;;;;;;;;;;;;;;;;;;;;;;;;;;;;;;;;;;
;;;;;;;;;;;;;;;;;;;;;;;;;;;;;;;;;;;;
;;;;;;;;;;;;;;;;;;;;;;;;;;;;;;;;;;;;
;;;;;;;;;;;;;;;;;;;;;;;;;;;;;;;;;;;;
;;;;;;;;;;;;;;;;;;;;;;;;;;;;;;;;;;;;
;;;;;;;;;;;;;;;;;;;;;;;;;;;;;;;;;;;;
;;;;;;;;;;;;;;;;;;;;;;;;;;;;;;;;;;;;
;;;;;;;;;;;;;;;;;;;;;;;;;;;;;;;;;;;;
;;;;;;;;;;;;;;;;;;;;;;;;;;;;;;;;;;;;
;;;;;;;;;;;;;;;;;;;;;;;;;;;;;;;;;;;;
;;;;;;;;;;;;;;;;;;;;;;;;;;;;;;;;;;;;
;;;;;;;;;;;;;;;;;;;;;;;;;;;;;;;;;;;;
;;;;;;;;;;;;;;;;;;;;;;;;;;;;;;;;;;;;
;;;;;;;;;;;;;;;;;;;;;;;;;;;;;;;;;;;;
;;;;;;;;;;;;;;;;;;;;;;;;;;;;;;;;;;;;
;;;;;;;;;;;;;;;;;;;;;;;;;;;;;;;;;;;;
;;;;;;;;;;;;;;;;;;;;;;;;;;;;;;;;;;;;
;;;;;;;;;;;;;;;;;;;;;;;;;;;;;;;;;;;;
;;;;;;;;;;;;;;;;;;;;;;;;;;;;;;;;;;;;
;;;;;;;;;;;;;;;;;;;;;;;;;;;;;;;;;;;;
;;;;;;;;;;;;;;;;;;;;;;;;;;;;;;;;;;;;
;;;;;;;;;;;;;;;;;;;;;;;;;;;;;;;;;;;;
;;;;;;;;;;;;;;;;;;;;;;;;;;;;;;;;;;;;
;;;;;;;;;;;;;;;;;;;;;;;;;;;;;;;;;;;;
;;;;;;;;;;;;;;;;;;;;;;;;;;;;;;;;;;;;
;;;;;;;;;;;;;;;;;;;;;;;;;;;;;;;;;;;;
;;;;;;;;;;;;;;;;;;;;;;;;;;;;;;;;;;;;
;;;;;;;;;;;;;;;;;;;;;;;;;;;;;;;;;;;;
;;;;;;;;;;;;;;;;;;;;;;;;;;;;;;;;;;;;
;;;;;;;;;;;;;;;;;;;;;;;;;;;;;;;;;;;;
;;;;;;;;;;;;;;;;;;;;;;;;;;;;;;;;;;;;
;;;;;;;;;;;;;;;;;;;;;;;;;;;;;;;;;;;;
;;;;;;;;;;;;;;;;;;;;;;;;;;;;;;;;;;;;
;;;;;;;;;;;;;;;;;;;;;;;;;;;;;;;;;;;;
;;;;;;;;;;;;;;;;;;;;;;;;;;;;;;;;;;;;
;;;;;;;;;;;;;;;;;;;;;;;;;;;;;;;;;;;;
;;;;;;;;;;;;;;;;;;;;;;;;;;;;;;;;;;;;
;;;;;;;;;;;;;;;;;;;;;;;;;;;;;;;;;;;;
;;;;;;;;;;;;;;;;;;;;;;;;;;;;;;;;;;;;
;;;;;;;;;;;;;;;;;;;;;;;;;;;;;;;;;;;;
;;;;;;;;;;;;;;;;;;;;;;;;;;;;;;;;;;;;
;;;;;;;;;;;;;;;;;;;;;;;;;;;;;;;;;;;;
;;;;;;;;;;;;;;;;;;;;;;;;;;;;;;;;;;;;
;;;;;;;;;;;;;;;;;;;;;;;;;;;;;;;;;;;;
;;;;;;;;;;;;;;;;;;;;;;;;;;;;;;;;;;;;
;;;;;;;;;;;;;;;;;;;;;;;;;;;;;;;;;;;;
;;;;;;;;;;;;;;;;;;;;;;;;;;;;;;;;;;;;
;;;;;;;;;;;;;;;;;;;;;;;;;;;;;;;;;;;;
;;;;;;;;;;;;;;;;;;;;;;;;;;;;;;;;;;;;
;;;;;;;;;;;;;;;;;;;;;;;;;;;;;;;;;;;;
;;;;;;;;;;;;;;;;;;;;;;;;;;;;;;;;;;;;
;;;;;;;;;;;;;;;;;;;;;;;;;;;;;;;;;;;;
;;;;;;;;;;;;;;;;;;;;;;;;;;;;;;;;;;;;
;;;;;;;;;;;;;;;;;;;;;;;;;;;;;;;;;;;;
;;;;;;;;;;;;;;;;;;;;;;;;;;;;;;;;;;;;
;;;;;;;;;;;;;;;;;;;;;;;;;;;;;;;;;;;;
;;;;;;;;;;;;;;;;;;;;;;;;;;;;;;;;;;;;
;;;;;;;;;;;;;;;;;;;;;;;;;;;;;;;;;;;;
;;;;;;;;;;;;;;;;;;;;;;;;;;;;;;;;;;;;
;;;;;;;;;;;;;;;;;;;;;;;;;;;;;;;;;;;;
;;;;;;;;;;;;;;;;;;;;;;;;;;;;;;;;;;;;
;;;;;;;;;;;;;;;;;;;;;;;;;;;;;;;;;;;;
;;;;;;;;;;;;;;;;;;;;;;;;;;;;;;;;;;;;
;;;;;;;;;;;;;;;;;;;;;;;;;;;;;;;;;;;;
;;;;;;;;;;;;;;;;;;;;;;;;;;;;;;;;;;;;
;;;;;;;;;;;;;;;;;;;;;;;;;;;;;;;;;;;;
;;;;;;;;;;;;;;;;;;;;;;;;;;;;;;;;;;;;
;;;;;;;;;;;;;;;;;;;;;;;;;;;;;;;;;;;;
;;;;;;;;;;;;;;;;;;;;;;;;;;;;;;;;;;;;
;;;;;;;;;;;;;;;;;;;;;;;;;;;;;;;;;;;;
;;;;;;;;;;;;;;;;;;;;;;;;;;;;;;;;;;;;
;;;;;;;;;;;;;;;;;;;;;;;;;;;;;;;;;;;;
;;;;;;;;;;;;;;;;;;;;;;;;;;;;;;;;;;;;
;;;;;;;;;;;;;;;;;;;;;;;;;;;;;;;;;;;;
;;;;;;;;;;;;;;;;;;;;;;;;;;;;;;;;;;;;
;;;;;;;;;;;;;;;;;;;;;;;;;;;;;;;;;;;;
;;;;;;;;;;;;;;;;;;;;;;;;;;;;;;;;;;;;
;;;;;;;;;;;;;;;;;;;;;;;;;;;;;;;;;;;;
;;;;;;;;;;;;;;;;;;;;;;;;;;;;;;;;;;;;
;;;;;;;;;;;;;;;;;;;;;;;;;;;;;;;;;;;;
;;;;;;;;;;;;;;;;;;;;;;;;;;;;;;;;;;;;
;;;;;;;;;;;;;;;;;;;;;;;;;;;;;;;;;;;;
;;;;;;;;;;;;;;;;;;;;;;;;;;;;;;;;;;;;
;;;;;;;;;;;;;;;;;;;;;;;;;;;;;;;;;;;;
;;;;;;;;;;;;;;;;;;;;;;;;;;;;;;;;;;;;
;;;;;;;;;;;;;;;;;;;;;;;;;;;;;;;;;;;;
;;;;;;;;;;;;;;;;;;;;;;;;;;;;;;;;;;;;
;;;;;;;;;;;;;;;;;;;;;;;;;;;;;;;;;;;;
;;;;;;;;;;;;;;;;;;;;;;;;;;;;;;;;;;;;
;;;;;;;;;;;;;;;;;;;;;;;;;;;;;;;;;;;;
;;;;;;;;;;;;;;;;;;;;;;;;;;;;;;;;;;;;
;;;;;;;;;;;;;;;;;;;;;;;;;;;;;;;;;;;;
;;;;;;;;;;;;;;;;;;;;;;;;;;;;;;;;;;;;
;;;;;;;;;;;;;;;;;;;;;;;;;;;;;;;;;;;;
;;;;;;;;;;;;;;;;;;;;;;;;;;;;;;;;;;;;
;;;;;;;;;;;;;;;;;;;;;;;;;;;;;;;;;;;;
;;;;;;;;;;;;;;;;;;;;;;;;;;;;;;;;;;;;
;;;;;;;;;;;;;;;;;;;;;;;;;;;;;;;;;;;;
;;;;;;;;;;;;;;;;;;;;;;;;;;;;;;;;;;;;
;;;;;;;;;;;;;;;;;;;;;;;;;;;;;;;;;;;;
;;;;;;;;;;;;;;;;;;;;;;;;;;;;;;;;;;;;
;;;;;;;;;;;;;;;;;;;;;;;;;;;;;;;;;;;;
;;;;;;;;;;;;;;;;;;;;;;;;;;;;;;;;;;;;
;;;;;;;;;;;;;;;;;;;;;;;;;;;;;;;;;;;;
;;;;;;;;;;;;;;;;;;;;;;;;;;;;;;;;;;;;
;;;;;;;;;;;;;;;;;;;;;;;;;;;;;;;;;;;;
;;;;;;;;;;;;;;;;;;;;;;;;;;;;;;;;;;;;
;;;;;;;;;;;;;;;;;;;;;;;;;;;;;;;;;;;;
;;;;;;;;;;;;;;;;;;;;;;;;;;;;;;;;;;;;
;;;;;;;;;;;;;;;;;;;;;;;;;;;;;;;;;;;;
;;;;;;;;;;;;;;;;;;;;;;;;;;;;;;;;;;;;
;;;;;;;;;;;;;;;;;;;;;;;;;;;;;;;;;;;;
;;;;;;;;;;;;;;;;;;;;;;;;;;;;;;;;;;;;
;;;;;;;;;;;;;;;;;;;;;;;;;;;;;;;;;;;;
;;;;;;;;;;;;;;;;;;;;;;;;;;;;;;;;;;;;
;;;;;;;;;;;;;;;;;;;;;;;;;;;;;;;;;;;;
;;;;;;;;;;;;;;;;;;;;;;;;;;;;;;;;;;;;
;;;;;;;;;;;;;;;;;;;;;;;;;;;;;;;;;;;;
;;;;;;;;;;;;;;;;;;;;;;;;;;;;;;;;;;;;
;;;;;;;;;;;;;;;;;;;;;;;;;;;;;;;;;;;;
;;;;;;;;;;;;;;;;;;;;;;;;;;;;;;;;;;;;
;;;;;;;;;;;;;;;;;;;;;;;;;;;;;;;;;;;;
;;;;;;;;;;;;;;;;;;;;;;;;;;;;;;;;;;;;
;;;;;;;;;;;;;;;;;;;;;;;;;;;;;;;;;;;;
;;;;;;;;;;;;;;;;;;;;;;;;;;;;;;;;;;;;
;;;;;;;;;;;;;;;;;;;;;;;;;;;;;;;;;;;;
;;;;;;;;;;;;;;;;;;;;;;;;;;;;;;;;;;;;
;;;;;;;;;;;;;;;;;;;;;;;;;;;;;;;;;;;;
;;;;;;;;;;;;;;;;;;;;;;;;;;;;;;;;;;;;
;;;;;;;;;;;;;;;;;;;;;;;;;;;;;;;;;;;;
;;;;;;;;;;;;;;;;;;;;;;;;;;;;;;;;;;;;
;;;;;;;;;;;;;;;;;;;;;;;;;;;;;;;;;;;;
;;;;;;;;;;;;;;;;;;;;;;;;;;;;;;;;;;;;
;;;;;;;;;;;;;;;;;;;;;;;;;;;;;;;;;;;;
;;;;;;;;;;;;;;;;;;;;;;;;;;;;;;;;;;;;
;;;;;;;;;;;;;;;;;;;;;;;;;;;;;;;;;;;;
;;;;;;;;;;;;;;;;;;;;;;;;;;;;;;;;;;;;
;;;;;;;;;;;;;;;;;;;;;;;;;;;;;;;;;;;;
;;;;;;;;;;;;;;;;;;;;;;;;;;;;;;;;;;;;
;;;;;;;;;;;;;;;;;;;;;;;;;;;;;;;;;;;;
;;;;;;;;;;;;;;;;;;;;;;;;;;;;;;;;;;;;
;;;;;;;;;;;;;;;;;;;;;;;;;;;;;;;;;;;;
;;;;;;;;;;;;;;;;;;;;;;;;;;;;;;;;;;;;
;;;;;;;;;;;;;;;;;;;;;;;;;;;;;;;;;;;;
;;;;;;;;;;;;;;;;;;;;;;;;;;;;;;;;;;;;
;;;;;;;;;;;;;;;;;;;;;;;;;;;;;;;;;;;;
;;;;;;;;;;;;;;;;;;;;;;;;;;;;;;;;;;;;
;;;;;;;;;;;;;;;;;;;;;;;;;;;;;;;;;;;;
;;;;;;;;;;;;;;;;;;;;;;;;;;;;;;;;;;;;
;;;;;;;;;;;;;;;;;;;;;;;;;;;;;;;;;;;;
;;;;;;;;;;;;;;;;;;;;;;;;;;;;;;;;;;;;
;;;;;;;;;;;;;;;;;;;;;;;;;;;;;;;;;;;;
;;;;;;;;;;;;;;;;;;;;;;;;;;;;;;;;;;;;
;;;;;;;;;;;;;;;;;;;;;;;;;;;;;;;;;;;;
;;;;;;;;;;;;;;;;;;;;;;;;;;;;;;;;;;;;
;;;;;;;;;;;;;;;;;;;;;;;;;;;;;;;;;;;;
;;;;;;;;;;;;;;;;;;;;;;;;;;;;;;;;;;;;
;;;;;;;;;;;;;;;;;;;;;;;;;;;;;;;;;;;;
;;;;;;;;;;;;;;;;;;;;;;;;;;;;;;;;;;;;
;;;;;;;;;;;;;;;;;;;;;;;;;;;;;;;;;;;;
;;;;;;;;;;;;;;;;;;;;;;;;;;;;;;;;;;;;
;;;;;;;;;;;;;;;;;;;;;;;;;;;;;;;;;;;;
;;;;;;;;;;;;;;;;;;;;;;;;;;;;;;;;;;;;
;;;;;;;;;;;;;;;;;;;;;;;;;;;;;;;;;;;;
;;;;;;;;;;;;;;;;;;;;;;;;;;;;;;;;;;;;
